paperId,title,abstract,year,venue,url,label
1cbbc2d25659437b4e7d0c75095682d69d2c27b9,A Hybrid Citation Recommendation Model With SciBERT and GraphSAGE,"As the number of scientific publications continues to increase at a dizzying rate, researchers face challenges related to spending too much time and effort searching for appropriate papers to cite in their work. Citation recommendation models have thus been developed to automatically generate a list of relevant papers for a specific text passage, thus helping to reduce the workload for scientists and contribute to better-quality research. Consequently, this research direction has recently attracted significant interest in the scientific community. However, the current citation recommendation models still focus primarily on the citation context and do not adequately address the metadata of papers, such as the citation links, publication time, and venue. To overcome these problems, in this study, we propose the SciBERT-GraphSAGE which is a hybrid deep learning-based model for recommending a list of academic papers by considering both the citation context and this article’s metadata. Our model has two important components: 1) SciBERT for text data representation learning and 2) GraphSAGE for learning the representations of this article’s citation links. We validate the effectiveness of our model on three benchmark datasets: 1) FullTextPeerRead; 2) ACL; and 3) RefSeer. The results from experiments demonstrate that our novel SciBERT-GraphSAGE model outperforms previous advanced models in terms of Recall@K, mean reciprocal rank (MRR), and mean average precision (MAP).",2025,"IEEE Transactions on Systems, Man, and Cybernetics: Systems",https://www.semanticscholar.org/paper/1cbbc2d25659437b4e7d0c75095682d69d2c27b9,citation_recommendation
fc798e6d9a7daaacfc2f3fb08808b3658e441584,Citation recommendation based on argumentative zoning of user queries,"Citation recommendation aims to locate the important papers for scholars to cite. When writing the citing sentences, the authors usually hold different citing intents, which are referred to citation function in citation analysis. Since argumentative zoning is to identify the argumentative and rhetorical structure in scientific literature, we want to use this information to improve the citation recommendation task. In this paper, a multi-task learning model is built for citation recommendation and argumentative zoning classification. We also generated an annotated corpus of the data from PubMed Central based on a new argumentative zoning schema. The experimental results show that, by considering the argumentative information in the citing sentence, citation recommendation model will get better performance.",2025,J. Informetrics,https://www.semanticscholar.org/paper/fc798e6d9a7daaacfc2f3fb08808b3658e441584,citation_recommendation
bda0cfbfe0d7765a0cdce1ad4710613d5be874cd,Bibliographic network enhanced local citation recommendation,"Purpose
This study aims to address the challenge of efficiently identifying appropriate citations in scientific literature, which has become increasingly difficult due to the rapid growth in the volume of scientific research. This study aims to enhance citation recommendation systems by incorporating both textual and bibliographic network information.

Design/methodology/approach
A novel attention-based encoder-decoder model is proposed, which integrates textual information within citation contexts and bibliographic network information outside of these contexts. The model uses a graph representation learning method to capture complex citation and co-author relationships within a bibliographic network. Additionally, academic pre-trained language models are utilized within an encoder-decoder framework to generate rich representations of citation contexts.

Findings
Extensive experiments on a real-world dataset demonstrate the effectiveness of the proposed method. Comparative experiments reveal that incorporating bibliographic network information significantly improves the performance of local citation recommendations.

Originality/value
This study is original in its approach to combining bibliographic network information with textual context for citation recommendation. By leveraging both types of information, the proposed method addresses a gap in existing citation recommendation systems, which often overlook the importance of external bibliographic relationships.",2025,Electronic library,https://www.semanticscholar.org/paper/bda0cfbfe0d7765a0cdce1ad4710613d5be874cd,citation_recommendation
68f81c9aa9de699bddae940fabb4b6c8dbb005c5,Supporting Your Idea Reasonably: A Knowledge-Aware Topic Reasoning Strategy for Citation Recommendation,"With the explosive growth of scholarly information, researchers spend much time and effort copiously quoting authoritative works to support their ideas or motivations. We aim to alleviate this situation by proposing a citation recommendation strategy that recalls related papers for a rough idea (a piece of text, i.e., abstract, manuscript). However, the perspective of existing citation recommendations can not be well applied to our task for two defects. First, these methods neglect the reasoning of research topics, which makes the recommendation mechanism not meticulous enough and lacks explainability. For instance, they are not able to mine the hidden citing logic for the candidate paper while recommending. We fill the research gap by constructing structural topics consisting of knowledge concepts from the textual content, where reasoning paths between topics are extracted from an external knowledge graph. Second, the citation network is viewed as a crucial structural context to enhance the recommendation performance, but the new target idea does not have links to the citation network as published papers do. To simulate the prospective topological structure, our model, meanwhile, incorporates a contrastive-learning-based alignment paradigm to encourage the consistency of content embeddings and structure-oriented embeddings. We evaluate our proposed model on three real-world datasets and demonstrate that it significantly improves recommendation accuracy while providing high-q",2024,IEEE Transactions on Knowledge and Data Engineering,https://www.semanticscholar.org/paper/68f81c9aa9de699bddae940fabb4b6c8dbb005c5,citation_recommendation
b49f6029d681ac286ab929238f5aef5f352767c8,Evolving Knowledge Graph Representation Learning with Multiple Attention Strategies for Citation Recommendation System,"The growing number of publications in the field of artificial intelligence highlights the need for researchers to enhance their efficiency in searching for relevant articles. Most paper recommendation models either rely on simplistic citation relationships among papers or focus on content-based approaches, both of which overlook interactions within academic networks. To address the aforementioned problem, knowledge graph embedding (KGE) methods have been used for citation recommendations because recent research proves that graph representations can effectively improve recommendation model accuracy. However, academic networks are dynamic, leading to changes in the representations of users and items over time. The majority of KGE-based citation recommendations are primarily designed for static graphs, thus failing to capture the evolution of dynamic knowledge graph (DKG) structures. To address these challenges, we introduced the evolving knowledge graph embedding (EKGE) method. In this methodology, evolving knowledge graphs are input into time-series models to learn the patterns of structural evolution. The model has the capability to generate embeddings for each entity at various time points, thereby overcoming limitation of static models that require retraining to acquire embeddings at each specific time point. To enhance the efficiency of feature extraction, we employed a multiple attention strategy. This helped the model find recommendation lists that are closely related to",2024,ACM Transactions on Intelligent Systems and Technology,https://www.semanticscholar.org/paper/b49f6029d681ac286ab929238f5aef5f352767c8,citation_recommendation
3cac254c19bc290be717d055d7dc3b5008da8dc0,CiteBART: Learning to Generate Citations for Local Citation Recommendation,"Local citation recommendation (LCR) suggests a set of papers for a citation placeholder within a given context. The task has evolved as generative approaches have become more promising than the traditional pre-fetch and re-rank-based state-of-the-art approaches. This paper introduces citation-specific pre-training within an encoder-decoder architecture, where author-date citation tokens are masked to learn to reconstruct them to fulfill LCR. There are two variants for this pre-training. In the local context-only base scheme (CiteBART-Base), the citation token in a local context is masked to learn to predict the citation. The global version (CiteBART-Global) extends the local context with the citing paper's title and abstract to enrich the learning signal. CiteBART-Global achieves state-of-the-art performance on LCR benchmarks except for the FullTextPeerRead dataset, which is quite small to see the advantage of generative pre-training. The effect is significant in the larger benchmarks, e.g., Refseer and ArXiv., with the Refseer benchmark-trained model emerging as the best-performing model. We perform comprehensive experiments, including an ablation study, a qualitative analysis, and a taxonomy of hallucinations with detailed statistics. Our analyses confirm that CiteBART-Global has a cross-dataset generalization capability; the macro hallucination rate (MaHR) at the top-3 predictions is 4\%, and when the ground-truth is in the top-k prediction list, the hallucination tendency",2024,Conference on Empirical Methods in Natural Language Processing,https://www.semanticscholar.org/paper/3cac254c19bc290be717d055d7dc3b5008da8dc0,citation_recommendation
119ee96ef4a9293462da3d4d2db32f2d58f90e8d,ILCiteR: Evidence-grounded Interpretable Local Citation Recommendation,"Existing Machine Learning approaches for local citation recommendation directly map or translate a query, which is typically a claim or an entity mention, to citation-worthy research papers. Within such a formulation, it is challenging to pinpoint why one should cite a specific research paper for a particular query, leading to limited recommendation interpretability. To alleviate this, we introduce the evidence-grounded local citation recommendation task, where the target latent space comprises evidence spans for recommending specific papers. Using a distantly-supervised evidence retrieval and multi-step re-ranking framework, our proposed system, ILCiteR, recommends papers to cite for a query grounded on similar evidence spans extracted from the existing research literature. Unlike past formulations that simply output recommendations, ILCiteR retrieves ranked lists of evidence span and recommended paper pairs. Secondly, previously proposed neural models for citation recommendation require expensive training on massive labeled data, ideally after every significant update to the pool of candidate papers. In contrast, ILCiteR relies solely on distant supervision from a dynamic evidence database and pre-trained Transformer-based Language Models without any model training. We contribute a novel dataset for the evidence-grounded local citation recommendation task and demonstrate the efficacy of our proposed conditional neural rank-ensembling approach for re-ranking evidence spans.",2024,International Conference on Language Resources and Evaluation,https://www.semanticscholar.org/paper/119ee96ef4a9293462da3d4d2db32f2d58f90e8d,citation_recommendation
787d8e33270c9a2e020e4cf48a753e158684eb95,SymTax: Symbiotic Relationship and Taxonomy Fusion for Effective Citation Recommendation,"Citing pertinent literature is pivotal to writing and reviewing a scientific document. Existing techniques mainly focus on the local context or the global context for recommending citations but fail to consider the actual human citation behaviour. We propose SymTax, a three-stage recommendation architecture that considers both the local and the global context, and additionally the taxonomical representations of query-candidate tuples and the Symbiosis prevailing amongst them. SymTax learns to embed the infused taxonomies in the hyperbolic space and uses hyperbolic separation as a latent feature to compute query-candidate similarity. We build a novel and large dataset ArSyTa containing 8.27 million citation contexts and describe the creation process in detail. We conduct extensive experiments and ablation studies to demonstrate the effectiveness and design choice of each module in our framework. Also, combinatorial analysis from our experiments shed light on the choice of language models (LMs) and fusion embedding, and the inclusion of section heading as a signal. Our proposed module that captures the symbiotic relationship solely leads to performance gains of 26.66% and 39.25% in Recall@5 w.r.t. SOTA on ACL-200 and RefSeer datasets, respectively. The complete framework yields a gain of 22.56% in Recall@5 wrt SOTA on our proposed dataset. The code and dataset are available at https://github.com/goyalkaraniit/SymTax",2024,Annual Meeting of the Association for Computational Linguistics,https://www.semanticscholar.org/paper/787d8e33270c9a2e020e4cf48a753e158684eb95,citation_recommendation
275c8924105004de90854959a6571a5c300d41c9,Deep Learning-Assisted Citation Recommendation System Using Multi- cell RNN Approach,"A process of retrieving relevant or suitable papers that are mostly related to the research topic while carrying research knowing the behavior and patterns of citation for mapping the disciplines and subjects. This is used increasingly for judging usually takes a huge amount of effort and time. The citation recommendation is used frequently for solving this issue on suggesting the list of candidate papers automatically which may match the references of user. On applying Deep learning (DL) models in the citation recommendation system, the performance enhancement is greatly visible in various recent research studies. Hence, in this work, a deep learning-based model is employed for the citation recommendation system. Primarily, the input dataset is taken and the function words are removed using stochastic matching pattern scheme at which the library is created. Then, the canonicalization of document is carried by means of probabilistic min-match algorithm. The data is classified finally using Multi-cell RNN (Recurrent neural network) approach after which the rank is set for citation. At last, the performance is assessed for various metrics like MAP, MRR, precision, recall, and F1-measure. The obtained results are then compared with traditional models to validate and show the enhancement of proposed model over existing schemes. It is revealed from the analysis that the proposed scheme shows improvement in results.",2023,Tuijin Jishu/Journal of Propulsion Technology,https://www.semanticscholar.org/paper/275c8924105004de90854959a6571a5c300d41c9,citation_recommendation
1001e2e27f10a4f5089d38b028f8d3ae68dc9e55,A Systematic Review of Citation Recommendation Over the Past Two Decades,"A citation is a reference to the source of information used in an article. Citations are very useful for students and researchers to locate relevant information on a topic. Proper citation is also important in the academic ethics of article writing. Due to the rapid growth of scientific works published each year, how to automatically recommend citations to students and researchers has become an interesting but challenging research problem. In particular, a citation recommendation system can assist students to identify relevant papers and literature for academic writing. Citation recommendation can be classified into local and global citation recommendation depending on whether a specific local citation context is given; e.g., the text surrounding a citation placeholder. This article provides a systematic review on global citation recommendation models and compares the reviewed methods from the traditional topic- based models to the recent models embedded with deep neural networks, aiming to summarize this field to facilitate researchers working on citation recommendation.",2023,International Journal on Semantic Web and Information Systems (IJSWIS),https://www.semanticscholar.org/paper/1001e2e27f10a4f5089d38b028f8d3ae68dc9e55,citation_recommendation
1514e372d0fa7d3fa7a6c9f2f4adc144a4403f9b,Dual Cloud Bibliographic Network Model for Citation Recommendation Systems,"Finding relevant and appropriate papers for citation is becoming more and more difficult for researchers as a result of the exponential growth in the number of scientific papers. To tackle this problem, citation recommendations have been developed, aiming to provide a curated selection of relevant reference papers tailored to a specific manuscript. Citation recommendation algorithms could raise privacy concerns, particularly when working with sensitive or personal data. In this paper, we propose a dual cloud-based bibliographic network representation (BNR) model for effective recommendation and to ensure data protection. The BNR model in the proposed work deals with the relationships, paper-to-paper, paper-author, paper-key terms, etc. The system is evaluated with academic corpus namely ACM, AAN, and DBLP. The system proposes a privacy-preserved BNR citation recommendation approach that outperforms previous citation recommendation approaches by a wide margin.",2023,International Conference on Interaction Sciences,https://www.semanticscholar.org/paper/1514e372d0fa7d3fa7a6c9f2f4adc144a4403f9b,citation_recommendation
712f5b94747fa8f5c4f0ca2a7b373dffd28eebfe,Collaborative Filtering With Network Representation Learning for Citation Recommendation,"Citation recommendation plays an important role in the context of scholarly big data, where finding relevant papers has become more difficult because of information overload. Applying traditional collaborative filtering (CF) to citation recommendation is challenging due to the cold start problem and the lack of paper ratings. To address these challenges, in this article, we propose a collaborative filtering with network representation learning framework for citation recommendation, namely CNCRec, which is a hybrid user-based CF considering both paper content and network topology. It aims at recommending citations in heterogeneous academic information networks. CNCRec creates the paper rating matrix based on attributed citation network representation learning, where the attributes are topics extracted from the paper text information. Meanwhile, the learned representations of attributed collaboration network is utilized to improve the selection of nearest neighbors. By harnessing the power of network representation learning, CNCRec is able to make full use of the whole citation network topology compared with previous context-aware network-based models. Extensive experiments on both DBLP and APS datasets show that the proposed method outperforms state-of-the-art methods in terms of precision, recall, and MRR (Mean Reciprocal Rank). Moreover, CNCRec can better solve the data sparsity problem compared with other CF-based baselines.",2022,IEEE Transactions on Big Data,https://www.semanticscholar.org/paper/712f5b94747fa8f5c4f0ca2a7b373dffd28eebfe,citation_recommendation
d764e8b786c20e447792ae17b184675cad87bbba,Context-aware legal citation recommendation using deep learning,"Lawyers and judges spend a large amount of time researching the proper legal authority to cite while drafting decisions. In this paper, we develop a citation recommendation tool that can help improve efficiency in the process of opinion drafting. We train four types of machine learning models, including a citation-list based method (collaborative filtering) and three context-based methods (text similarity, BiLSTM and RoBERTa classifiers). Our experiments show that leveraging local textual context improves recommendation, and that deep neural models achieve decent performance. We show that non-deep text-based methods benefit from access to structured case metadata, but deep models only benefit from such access when predicting from context of insufficient length. We also find that, even after extensive training, RoBERTa does not outperform a recurrent neural model, despite its benefits of pretraining. Our behavior analysis of the RoBERTa model further shows that predictive performance is stable across time and citation classes.",2021,International Conference on Artificial Intelligence and Law,https://www.semanticscholar.org/paper/d764e8b786c20e447792ae17b184675cad87bbba,citation_recommendation
7a1e3f1435cb0cdb2b67e9ea037617a424c9294f,Local Citation Recommendation with Hierarchical-Attention Text Encoder and SciBERT-based Reranking,"The goal of local citation recommendation is to recommend a missing reference from the local citation context and optionally also from the global context. To balance the tradeoff between speed and accuracy of citation recommendation in the context of a large-scale paper database, a viable approach is to first prefetch a limited number of relevant documents using efficient ranking methods and then to perform a fine-grained reranking using more sophisticated models. In that vein, BM25 has been found to be a tough-to-beat approach to prefetching, which is why recent work has focused mainly on the reranking step. Even so, we explore prefetching with nearest neighbor search among text embeddings constructed by a hierarchical attention network. When coupled with a SciBERT reranker fine-tuned on local citation recommendation tasks, our hierarchical Attention encoder (HAtten) achieves high prefetch recall for a given number of candidates to be reranked. Consequently, our reranker requires fewer prefetch candidates to rerank, yet still achieves state-of-the-art performance on various local citation recommendation datasets such as ACL-200, FullTextPeerRead, RefSeer, and arXiv.",2021,European Conference on Information Retrieval,https://www.semanticscholar.org/paper/7a1e3f1435cb0cdb2b67e9ea037617a424c9294f,citation_recommendation
4e649c47486318816f2fb3d0990cd51705e87712,Graph Neural Collaborative Topic Model for Citation Recommendation,"Due to the overload of published scientific articles, citation recommendation has long been a critical research problem for automatically recommending the most relevant citations of given articles. Relational topic models (RTMs) have shown promise on citation prediction via joint modeling of document contents and citations. However, existing RTMs can only capture pairwise or direct (first-order) citation relationships among documents. The indirect (high-order) citation links have been explored in graph neural network–based methods, but these methods suffer from the well-known explainability problem. In this article, we propose a model called Graph Neural Collaborative Topic Model that takes advantage of both relational topic models and graph neural networks to capture high-order citation relationships and to have higher explainability due to the latent topic semantic structure. Experiments on three real-world citation datasets show that our model outperforms several competitive baseline methods on citation recommendation. In addition, we show that our approach can learn better topics than the existing approaches. The recommendation results can be well explained by the underlying topics.",2021,ACM Trans. Inf. Syst.,https://www.semanticscholar.org/paper/4e649c47486318816f2fb3d0990cd51705e87712,citation_recommendation
913f54b44dfb9202955fe296cf5586e1105565ea,A context-aware citation recommendation model with BERT and graph convolutional networks,"With the tremendous growth in the number of scientific papers being published, searching for references while writing a scientific paper is a time-consuming process. A technique that could add a reference citation at the appropriate place in a sentence will be beneficial. In this perspective, the context-aware citation recommendation has been researched for around two decades. Many researchers have utilized the text data called the context sentence, which surrounds the citation tag, and the metadata of the target paper to find the appropriate cited research. However, the lack of well-organized benchmarking datasets, and no model that can attain high performance has made the research difficult. In this paper, we propose a deep learning-based model and well-organized dataset for context-aware paper citation recommendation. Our model comprises a document encoder and a context encoder. For this, we use graph convolutional networks layer, and bidirectional encoder representations from transformers, a pre-trained model of textual data. By modifying the related PeerRead dataset, we propose a new dataset called FullTextPeerRead containing context sentences to cited references and paper metadata. To the best of our knowledge, this dataset is the first well-organized dataset for a context-aware paper recommendation. The results indicate that the proposed model with the proposed datasets can attain state-of-the-art performance and achieve a more than 28% improvement in mean average prec",2019,Scientometrics,https://www.semanticscholar.org/paper/913f54b44dfb9202955fe296cf5586e1105565ea,citation_recommendation
34d1174daea6d67624ba8213e4bda0606ee1b4c3,Citation recommendation: approaches and datasets,"Citation recommendation describes the task of recommending citations for a given text. Due to the overload of published scientific works in recent years on the one hand, and the need to cite the most appropriate publications when writing scientific texts on the other hand, citation recommendation has emerged as an important research topic. In recent years, several approaches and evaluation data sets have been presented. However, to the best of our knowledge, no literature survey has been conducted explicitly on citation recommendation. In this article, we give a thorough introduction to automatic citation recommendation research. We then present an overview of the approaches and data sets for citation recommendation and identify differences and commonalities using various dimensions. Last but not least, we shed light on the evaluation methods and outline general challenges in the evaluation and how to meet them. We restrict ourselves to citation recommendation for scientific publications, as this document type has been studied the most in this area. However, many of the observations and discussions included in this survey are also applicable to other types of text, such as news articles and encyclopedic articles.",2020,International Journal on Digital Libraries,https://www.semanticscholar.org/paper/34d1174daea6d67624ba8213e4bda0606ee1b4c3,citation_recommendation
0e812307073c0e6c3a344a0ea4cf69541608a9ab,Deep learning in citation recommendation models survey,"Abstract The huge amount of research papers on the web makes finding a relevant manuscript a difficult task. In recent years many models were introduced to support researchers by providing personalized citation recommendations. Moreover, deep learning methods have been employed in this domain to improve the quality of the final recommendations. However, a thorough study that classifies citation recommendation models and examines their (a) strengths and weaknesses, (b) evaluation metrics used, (c) popular datasets, and challenges faced is missing. Therefore, with this survey, we present a new classification approach for deep learning models that provide citation recommendation. Our approach uses the following six criteria: data factors, data representation methods, methodologies, types of recommendations used, problems addressed, and personalization. Additionally, we present a comparative analysis of those models that use the same set of evaluation metrics and datasets. Moreover, we examine hot upcoming issues and solutions in light of explored literature. Also, the survey discusses and analyzes the evaluation metrics and datasets adopted by the explored models. Finally, we conclude our survey with trends and future directions to further assist research on that domain.",2020,Expert systems with applications,https://www.semanticscholar.org/paper/0e812307073c0e6c3a344a0ea4cf69541608a9ab,citation_recommendation
056c729d847351f6fab25942de96d614a780300f,Automated citation recommendation tools encourage questionable citations,"Citing practices have long been at the heart of scientific reporting, playing both socially and epistemically important functions in science. While such practices have been relatively stable over time, recent attempts to develop automated citation recommendation tools have the potential to drastically impact citing practices. We claim that, even though such tools may come with tempting advantages, their development and implementation should be conducted with caution. Describing the role of citations in science’s current publishing and social reward structures, we argue that automated citation tools encourage questionable citing practices. More specifically, we describe how such tools may lead to an increase in: perfunctory citation and sloppy argumentation; affirmation biases; and Matthew effects. In addition, a lack of transparency of the tools’ underlying algorithmic structure renders their usage problematic. Hence, we urge that the consequences of citation recommendation tools should at least be understood and assessed before any attempts to implementation or broad distribution are undertaken.",2022,Research Evaluation,https://www.semanticscholar.org/paper/056c729d847351f6fab25942de96d614a780300f,citation_recommendation
bc7945e5d90fd10a23c76f56cfbcf13ce8b463f0,A Survey on Citation Recommendation System,"Citation recommendation is a technique that assists an academic publisher or scholar in identifying a selection of relevant works that can be cited while writing a paper. In comparison to prior years, it is clear that there is currently a deluge of articles being published every year. Each year, more than 50,000 publications in the field of artificial intelligence are published. As a result, the traditional way of identifying valid citations appears to be a very difficult process, as there appears to be a massive flow of data. Traditional recommendation systems, despite their prevalence, are ineffective and time-consuming. So far, several techniques to tackle this problem have been offered.In this study, we will look at a range of citation recommendation systems that have been developed so far, as well as their future potential.",2022,2022 Third International Conference on Intelligent Computing Instrumentation and Control Technologies (ICICICT),https://www.semanticscholar.org/paper/bc7945e5d90fd10a23c76f56cfbcf13ce8b463f0,citation_recommendation
105ab382a02dcbe2a013a7b5470a56f161e2bcf4,A deep learning approach for context-aware citation recommendation using rhetorical zone classification and similarity to overcome cold-start problem,"In the recent decade, the citation recommendation has emerged as an important research topic due to its need for the huge size of published scientific work. Among other citation recommendation techniques, the widely used content-based filtering (CBF) exploits research articles’ textual content to produce recommendations. However, CBF techniques are prone to the well-known cold-start problem. On the other hand, deep learning has shown its effectiveness in understanding the semantics of the text. The present paper proposes a citation recommendation system using deep learning models to classify rhetorical zones of the research articles and compute similarity using rhetorical zone embeddings that overcome the cold-start problem. Rhetorical zones are the predefined linguistic categories having some common characteristics about the text. A deep learning model is trained using ART and CORE datasets with an accuracy of 76 per cent. The final ranked lists of the recommendations have an average of 0.704 normalized discounted cumulative gain (nDCG) score involving ten domain experts. The proposed system is applicable for both local and global context-aware recommendations.",2022,Journal of Ambient Intelligence and Humanized Computing,https://www.semanticscholar.org/paper/105ab382a02dcbe2a013a7b5470a56f161e2bcf4,citation_recommendation
5500519f069d39d93d92f5ceab402d59a5735a39,Integrating Title and Citation Context Semantics of Citing Paper via Weighted Attentions for Local Citation Recommendation,"Citing comprehensively and appropriately has become a challenging task with the rapid growth of academic publications. Citation recommendation helps alleviate the burden of finding relevant and appropriate citations by recommending a list of academic papers for a given text. Existing approaches tried to determine whether a paper should be cited by measuring its relevance or similarity to a given citation circumstance. Citation circumstance modeling should consider many factors, such as the content of the citing paper, citation context words, citation network, and so on. However, most models only focus on citation context words and learn representations of citing paper through citation networks, putting little attention on citing paper content. In this paper, we regard the title as a summative and informative sentence relative to paper content and propose a novel model based on Bidirectional Gated Recurrent Units (BiGRUs) and Attentions. Our approach uses sequential embedding of paper title words for paper semantic representation and models citation circumstances by integrating citing paper title and citation context. Moreover, we introduce a semantic weight parameter to distinguish the importance of academic papers and citation contexts. Experiments on the ACL anthology network dataset show that our approach outperforms other state-of-the-art models in recall, MAP, MRR, and nDCG criteria.",2022,IEEE International Joint Conference on Neural Network,https://www.semanticscholar.org/paper/5500519f069d39d93d92f5ceab402d59a5735a39,citation_recommendation
ca2afde4470180dbcfaa27e7a5cd3c7679569771,Large-scale Evaluation of Transformer-based Article Encoders on the Task of Citation Recommendation,"Recently introduced transformer-based article encoders (TAEs) designed to produce similar vector representations for mutually related scientific articles have demonstrated strong performance on benchmark datasets for scientific article recommendation. However, the existing benchmark datasets are predominantly focused on single domains and, in some cases, contain easy negatives in small candidate pools. Evaluating representations on such benchmarks might obscure the realistic performance of TAEs in setups with thousands of articles in candidate pools. In this work, we evaluate TAEs on large benchmarks with more challenging candidate pools. We compare the performance of TAEs with a lexical retrieval baseline model BM25 on the task of citation recommendation, where the model produces a list of recommendations for citing in a given input article. We find out that BM25 is still very competitive with the state-of-the-art neural retrievers, a finding which is surprising given the strong performance of TAEs on small benchmarks. As a remedy for the limitations of the existing benchmarks, we propose a new benchmark dataset for evaluating scientific article representations: Multi-Domain Citation Recommendation dataset (MDCR), which covers different scientific fields and contains challenging candidate pools.",2022,SDP,https://www.semanticscholar.org/paper/ca2afde4470180dbcfaa27e7a5cd3c7679569771,citation_recommendation
921b2958cac4138d188fd5047aa12bbcf37ac867,Content-Based Citation Recommendation,"We present a content-based method for recommending citations in an academic paper draft. We embed a given query document into a vector space, then use its nearest neighbors as candidates, and rerank the candidates using a discriminative model trained to distinguish between observed and unobserved citations. Unlike previous work, our method does not require metadata such as author names which can be missing, e.g., during the peer review process. Without using metadata, our method outperforms the best reported results on PubMed and DBLP datasets with relative improvements of over 18% in F1@20 and over 22% in MRR. We show empirically that, although adding metadata improves the performance on standard metrics, it favors self-citations which are less useful in a citation recommendation setup. We release an online portal for citation recommendation based on our method, (URL: http://bit.ly/citeDemo) and a new dataset OpenCorpus of 7 million research articles to facilitate future research on this task.",2018,North American Chapter of the Association for Computational Linguistics,https://www.semanticscholar.org/paper/921b2958cac4138d188fd5047aa12bbcf37ac867,citation_recommendation
297041c9e0740feb9b395cca2f96fa6507f7dec4,Deep memory network with Bi-LSTM for personalized context-aware citation recommendation,"Abstract The explosive growth of data leads researchers to waste time and energy to search for papers they need. Context-aware citation recommendation aims to solve this problem by analyzing a citation context and provides a list of recommended papers. In this paper, we propose a context-aware citation recommendation model based on end to end memory network. The model learns the representations of papers and citation contexts respectively based on bidirectional long short-term memory (Bi-LSTM). In particular, we jointly integrate author information and citation relationship in the distributed vector representations of citation contexts and papers. Then calculates the continuous relevance between them based on a computational multilayers memory network. We also conduct experiments on three real-world datasets to evaluate the performance of our model.",2020,Neurocomputing,https://www.semanticscholar.org/paper/297041c9e0740feb9b395cca2f96fa6507f7dec4,citation_recommendation
8d379871d6c010f9eb3e82932bc6f21713e6c3af,Research paper recommendation system based on multiple features from citation network,"With tremendous growth in the volume of published scholarly work, it becomes quite difficult for researchers to find appropriate documents relevant to their research topic. Many research paper recommendation approaches have been proposed and implemented which include collaborative filtering, content-based, metadata, link-based and multi-level citation network. In this research, a novel Research paper Recommendation system is proposed by integrating Multiple Features (RRMF). RRMF constructs a multi-level citation network and collaboration network of authors for feature integration. The structure and semantic based relationships are identified from the citation network whereas key authors are extracted from collaboration network for the study. For experimentation and analysis, AMiner v12 DBLP-Citation Network is used that covers 4,894,081 academic papers and 45,564,149 citation relationships. The information retrieval metrices including Mean Average Precision, Mean Reciprocal Rank and Normalized Discounted Cumulative Gain are used for evaluating the performance of proposed system. The research results of proposed approach RRMF are compared with baseline Multilevel Simultaneous Citation Network (MSCN) and Google Scholar. Consequently, comparison of RRMF showed 87% better recommendations than the traditional MSCN and Google Scholar.",2024,Scientometrics,https://www.semanticscholar.org/paper/8d379871d6c010f9eb3e82932bc6f21713e6c3af,citation_recommendation
d4a4003d55f651b4305add668410f1978ce2940f,Citation Recommendation for Research Papers via Knowledge Graphs,"Citation recommendation for research papers is a valuable task that can help researchers improve the quality of their work by suggesting relevant related work. Current approaches for this task rely primarily on the text of the papers and the citation network. In this paper, we propose to exploit an additional source of information, namely research knowledge graphs (KG) that interlink research papers based on mentioned scientific concepts. Our experimental results demonstrate that the combination of information from research KGs with existing state-of-the-art approaches is beneficial. Experimental results are presented for the STM-KG (STM: Science, Technology, Medicine), which is an automatically populated knowledge graph based on the scientific concepts extracted from papers of ten domains. The proposed approach outperforms the state of the art with a mean average precision of 20.6% (+0.8) for the top-50 retrieved results.",2021,International Conference on Theory and Practice of Digital Libraries,https://www.semanticscholar.org/paper/d4a4003d55f651b4305add668410f1978ce2940f,citation_recommendation
5f7ebe8c27d3bbdc2d8851d8d70c8641a2a3ccd8,Attentive Stacked Denoising Autoencoder With Bi-LSTM for Personalized Context-Aware Citation Recommendation,"The rapid growth of scientific publications brings the problem of finding appropriate citations for authors. Context-aware citation recommendation is an essential technology to overcome this obstacle when given a fragment of manuscript. In this article, we propose a novel neural network model for context-aware citation recommendation by combining stacked denoising autoencoders (SDAE) and Bi-LSTM. To obtain effective embedding for cited paper, we extend SDAE into attentive SDAE (ASDAE) by utilizing the attentive information from citation context, which essentially enhance the learning ability of original SDAE. For citation context, we devise an attentive Bi-LSTM to obtain effective embedding. Specifically, the attentive Bi-LSTM is able to extract suitable citation context and recommend citations simultaneously when given a long text, which is a issue that few papers addressed before. We also integrate personalized author information to improve the performance of recommendation. Our model is essentially a seemly integration of different types of neural network with latent variables. We derive the generative process of our model, and develop a learning algorithm based on maximum a posteriori (MAP) estimation. Experimental results on the RefSeer, ANN and DBLP datasets show that our model outperforms baseline methods.",2020,IEEE/ACM Transactions on Audio Speech and Language Processing,https://www.semanticscholar.org/paper/5f7ebe8c27d3bbdc2d8851d8d70c8641a2a3ccd8,citation_recommendation
100cf7337b60c7390ed0d5ae116bbc6a7aeeb411,Global Citation Recommendation employing Multi-view Heterogeneous Network Embedding,"The enormous number of research papers on the Web motivated researchers to propose models that could assist users with personalized citation recommendations. Recently, Citation Recommendation (CR) models applying Network Representation Learning (NRL) techniques have revealed promising outcomes. Still, current NRL-based models are limited in terms of employing salient factors and relations between the objects of Multi-view Heterogeneous Networks (MHNs), hence, they failed to capture researchers' preferences. Besides, these models cannot exploit heterogeneity in the networks and hence suffer from the sparsity problems. To overcome these problems, we propose GCR-MHNE model, which employs a Multi-View Heterogeneous Network Embedding method to generate personalized recommendations. Specifically, it exploits semantic relations between papers based on citations, venue information, topical relevance, authors' information, and relevant labels to learn their vector representations. Moreover, the model captures the most influential features related to each semantic relation employing an attention mechanism. Compared to its counterparts, GCR-MHNE brings 6% and 7% improvements using the openly-available datasets in terms of Mean Average Precision and Normalized Discounted Cumulative Gain metrics, respectively. Furthermore, the proposed model outperforms its counterparts when the networks are sparse.",2021,Annual Conference on Information Sciences and Systems,https://www.semanticscholar.org/paper/100cf7337b60c7390ed0d5ae116bbc6a7aeeb411,citation_recommendation
4d888d3036db0adec58475d537acdfdcb3976df2,Chronological citation recommendation with time preference,"Citation recommendation is an important task to assist scholars in finding candidate literature to cite. Traditional studies focus on static models of recommending citations, which do not explicitly distinguish differences between papers that are caused by temporal variations. Although, some researchers have investigated chronological citation recommendation by adding time related function or modeling textual topics dynamically. These solutions can hardly cope with function generalization or cold-start problems when there is no information for user profiling or there are isolated papers never being cited. With the rise and fall of science paradigms, scientific topics tend to change and evolve over time. People would have the time preference when citing papers, since most of the theoretical basis exist in classical readings that published in old time, while new techniques are proposed in more recent papers. To explore chronological citation recommendation, this paper wants to predict the time preference based on user queries, which is a probability distribution of citing papers published in different time slices. Then, we use this time preference to re-rank the initial citation list obtained by content-based filtering. Experimental results demonstrate that task performance can be further enhanced by time preference and it’s flexible to be added in other citation recommendation frameworks.",2021,Scientometrics,https://www.semanticscholar.org/paper/4d888d3036db0adec58475d537acdfdcb3976df2,citation_recommendation
aa9ea026e51ed442c7df8d3bf0e224cfc5782ab5,A Survey of Citation Recommendation Tasks and Methods,"Scientific articles store vast amounts of knowledge amassed through many decades of research. They serve to communicate research results among scientists but also for learning and tracking progress in the field. However, scientific production has risen to levels that make it difficult even for experts to keep up with work in their field. As a remedy, specialized search engines are being deployed, incorporating novel natural language processing and machine learning methods. The task of citation recommendation, in particular, has attracted much interest as it holds promise for improving the quality of scientific production. In this paper, we present the state-of-the-art in citation recommendation: we survey the methods for global and local approaches to the task, the evaluation setups and datasets, and the most successful machine learning models. In addition, we overview two tasks complementary to citation recommendation: extraction of key aspects and entities from articles and citation function classification. With this survey, we hope to provide the ground for understanding current efforts and stimulate further research in this exciting and promising field.",2021,Journal of computer & information technology,https://www.semanticscholar.org/paper/aa9ea026e51ed442c7df8d3bf0e224cfc5782ab5,citation_recommendation
f0999d6601a7ce8963e8473b72d5fc537aec2256,Citation Recommendation based on Citation links Explanation,"With the rapid increase of scientific papers, it is difficult for researchers to obtain appropriate references. Due to the black-box property of neural network, the existing content-based citation recommendation methods are mainly embedding text into a low-dimensional space, and citation links are not interpretable (e.g., paper A cites paper B because of topic X). To solve this problem, we propose a Weighted Citation Network with Citation Links Explanation (WCN-CLE) algorithm. Because citation links mainly depends on the content, we need to explore textual reasons for citation links. Firstly, we extract word fragments through citation network information for each citation link as its explanation. Secondly, we construct a weighted HIN network with two kinds of vertex (paper and author). The weight of each edge is calculated by its word fragments. Then the query document is linked to the HIN network through author information and word fragments similarity with candidate papers. Finally, each vertex’s feature representation is obtained by network representation learning method, and recommend papers through vector similarity. Experimental results on two real-world datasets show that WCN-CLE has better performance due to its integration of structural information and semantic information.",2021,Journal of Physics: Conference Series,https://www.semanticscholar.org/paper/f0999d6601a7ce8963e8473b72d5fc537aec2256,citation_recommendation
560b3a2e8a8cf6172cea4878ac11ab9b46a0a46c,NeuSub: A Neural Submodular Approach for Citation Recommendation,"Citation recommendation is a task that aims to automatically select suitable references for a working manuscript. This task has become increasingly urgent as the typical pools of candidates continue to grow, in the order of tens or hundreds of thousands or more. While several approaches to citation recommendation have been proposed in the literature, they generally seem to lack principled mechanisms to ensure diversity and other global properties among the recommended citations. For this reason, in this paper we propose a novel citation recommendation approach that leverages a submodular scoring function and a deep document representation to achieve an effective trade-off between relevance to the query and diversity of the references. To optimally train the scoring function and the deep representation, we propose a novel training objective based on a structural/multiclass hinge loss and incremental recommendations. The experimental results over three popular citation datasets have showed that the proposed approach has led to remarkable accuracy improvements, with an increase of up to 1.91 pp of MRR and 3.29 pp of F1@100 score with respect to a state-of-the-art citation recommendation system.",2021,IEEE Access,https://www.semanticscholar.org/paper/560b3a2e8a8cf6172cea4878ac11ab9b46a0a46c,citation_recommendation
7f1a5c68c110d26a2611a25404bc9999f21c7c69,A citation recommendation method based on context correlation,"Researchers need to formulate their achievements as research papers. Representative references are essential to high-quality papers. Academic citation recommendation refers to providing the recommendation of citations for the author of papers when they write. With the help of citation recommendation, researchers can improve the efficiency of writing academic papers and reduce the omission of important related literature. To achieve this goal, some methods were proposed. Many of them used citation networks to learn the representation of papers and chose references, they tended to ignore the content properties of papers. There are also some methods used partial properties to recommend citation. But their performance can be further improved. In this paper, we propose a citation recommendation method based on context correlation. We use two neural network models to learn the representations of papers and their references, then calculate the context similarity of them. Besides, we also introduce the publishing time and authority of papers, two key properties of papers for citation evaluation. In the experiment section, we compare our method with other methods and evaluate the performance of different properties choice in our method, it shows that our method outperforms some baselines and the combination of the dimensions including time, authority and context performs better.",2021,Intelligent Data Analysis,https://www.semanticscholar.org/paper/7f1a5c68c110d26a2611a25404bc9999f21c7c69,citation_recommendation
86a096d57078e646aba7edc076fc3295b8b4e7a4,ACM-CR: A Manually Annotated Test Collection for Citation Recommendation,"Citation recommendation is intended to assist researchers in the process of searching for relevant papers to cite by recommending appropriate citations for a given input text. Existing test collections for this task are noisy and unreliable since they are built automatically from parsed PDF papers. In this paper, we present our ongoing effort at creating a publicly available, manually annotated test collection for citation recommendation. We also conduct a series of experiments to evaluate the effectiveness of content-based baseline models on the test collection, providing results for future work to improve upon. Our test collection and code to replicate experiments are available at https://github.com/boudinfl/acm-cr",2021,ACM/IEEE Joint Conference on Digital Libraries,https://www.semanticscholar.org/paper/86a096d57078e646aba7edc076fc3295b8b4e7a4,citation_recommendation
6dcede052c6d394d225fe58ada2c9f37d327e3cf,Bibliographic Network Representation Based Personalized Citation Recommendation,"With the increasing number of scientific papers, researchers find it more and more difficult to obtain relevant and appropriate papers to cite. Citation recommendation aims to overcome this problem by providing a reference paper list for a given manuscript. In this paper, we propose a bibliographic network representation (BNR) model, which simultaneously incorporates bibliographic network structure and content of different kinds of objects (authors, papers, and venues) for efficient recommendation. The proposed model also makes personalized citation recommendation possible, which is a new issue that a few papers addressed in the past. When conducting experiments on the ACL Anthology Network and DBLP datasets, the results demonstrate that the proposed BNR-based citation recommendation approach is able to achieve considerable improvement over other network representation-based citation recommendation approaches. The performance of the personalized recommendation approach is also competitive with the non-personalized recommendation approach.",2019,IEEE Access,https://www.semanticscholar.org/paper/6dcede052c6d394d225fe58ada2c9f37d327e3cf,citation_recommendation
cfcb8442344fd79e1626904b98783715f7edf731,Improved Local Citation Recommendation Based on Context Enhanced with Global Information,"Local citation recommendation aims at finding articles relevant for given citation context. While most previous approaches represent context using solely text surrounding the citation, we propose enhancing context representation with global information. Specifically, we include citing article’s title and abstract into context representation. We evaluate our model on datasets with different citation context sizes and demonstrate improvements with globally-enhanced context representations when citation contexts are smaller.",2020,SDP,https://www.semanticscholar.org/paper/cfcb8442344fd79e1626904b98783715f7edf731,citation_recommendation
1342e3f0fdd4b5c3f4dd9176d34c0205c8c770e8,HybridCite: A Hybrid Model for Context-Aware Citation Recommendation,"Citation recommendation systems aim to recommend citations for either a complete paper or a small portion of text called a citation context. The process of recommending citations for citation contexts is called local citation recommendation and is the focus of this paper. Firstly, we develop citation recommendation approaches based on embeddings, topic modeling, and information retrieval techniques. We combine, for the first time to the best of our knowledge, the best-performing algorithms into a semi-genetic hybrid recommender system for citation recommendation. We evaluate the single approaches and the hybrid approach offline based on several data sets, such as the Microsoft Academic Graph (MAG) and the MAG in combination with arXiv and ACL. We further conduct a user study for evaluating our approaches online. Our evaluation results show that a hybrid model containing embedding and information retrieval-based components outperforms its individual components and further algorithms by a large margin.",2020,ACM/IEEE Joint Conference on Digital Libraries,https://www.semanticscholar.org/paper/1342e3f0fdd4b5c3f4dd9176d34c0205c8c770e8,citation_recommendation
d915bd0eef59b78847a1bf13568f7e0e81a340f1,Dual Attention Model for Citation Recommendation,"Based on an exponentially increasing number of academic articles, discovering and citing comprehensive and appropriate resources has become a non-trivial task. Conventional citation recommender methods suffer from severe information loss. For example, they do not consider the section of the paper that the user is writing and for which they need to find a citation, the relatedness between the words in the local context (the text span that describes a citation), or the importance on each word from the local context. These shortcomings make such methods insufficient for recommending adequate citations to academic manuscripts. In this study, we propose a novel embedding-based neural network called “dual attention model for citation recommendation (DACR)” to recommend citations during manuscript preparation. Our method adapts embedding of three semantic information: words in the local context, structural contexts, and the section on which a user is working. A neural network model is designed to maximize the similarity between the embedding of the three input (local context words, section and structural contexts) and the target citation appearing in the context. The core of the neural network model is composed of self-attention and additive attention, where the former aims to capture the relatedness between the contextual words and structural context, and the latter aims to learn the importance of them. The experiments on real-world datasets demonstrate the effectiveness of the pro",2020,International Conference on Computational Linguistics,https://www.semanticscholar.org/paper/d915bd0eef59b78847a1bf13568f7e0e81a340f1,citation_recommendation
1596d6487012696ba400fb69904a2c372a08a2be,Generative Adversarial Network Based Heterogeneous Bibliographic Network Representation for Personalized Citation Recommendation,"Network representation has been recently exploited for many applications, such as citation recommendation, multi-label classification and link prediction. It learns low-dimensional vector representation for each vertex in networks. Existing network representation methods only focus on incomplete aspects of vertex information (i.e., vertex content, network structure or partial integration), moreover they are commonly designed for homogeneous information networks where all the vertices of a network are of the same type. In this paper, we propose a deep network representation model that integrates network structure and the vertex content information into a unified framework by exploiting generative adversarial network, and represents different types of vertices in the heterogeneous network in a continuous and common vector space. Based on the proposed model, we can obtain heterogeneous bibliographic network representation for efficient citation recommendation. The proposed model also makes personalized citation recommendation possible, which is a new issue that a few papers addressed in the past. When evaluated on the AAN and DBLP datasets, the performance of the proposed heterogeneous bibliographic network based citation recommendation approach is comparable with that of the other network representation based citation recommendation approaches. The results also demonstrate that the personalized citation recommendation approach is more effective than the non-personalized citatio",2018,AAAI Conference on Artificial Intelligence,https://www.semanticscholar.org/paper/1596d6487012696ba400fb69904a2c372a08a2be,citation_recommendation
645d458326e039beb58c7830a56bd3298cf1b84a,DocCit2Vec: Citation Recommendation via Embedding of Content and Structural Contexts,"The number of academic papers being published is increasing rapidly, and recommending sufficient citations to assist researchers in writing papers is a non-trivial task. Conventional recommendation approaches may not be optimal, as the recommended papers may already be known to the users or may be solely relevant to the surrounding context but not to other concepts discussed in the manuscript. In this study, we propose a novel embedding algorithm, namely DocCit2Vec, along with the new concept of “structural context”, to address the aforementioned issues. The proposed models are compared extensively with network-based, document-based, and combined approaches in experiments of citation recommendation and classification tasks. Three implications are concluded. First, the document-based methods demonstrated overwhelmingly superior performances for citation recommendation than the network-based methods, as the latter lack consideration of the word information. Second, DocCit2Vec exhibited significant improvement for citation recommendation among the document-based methods. Third, the ability to conduct classification tasks could be significantly enhanced by adding attention layer to DocCit2Vec.",2020,IEEE Access,https://www.semanticscholar.org/paper/645d458326e039beb58c7830a56bd3298cf1b84a,citation_recommendation
3d733e63d44bddd235a41e47cf0718ff5e70b8e1,Navigation-based candidate expansion and pretrained language models for citation recommendation,"Citation recommendation systems for the scientific literature, to help authors find papers that should be cited, have the potential to speed up discoveries and uncover new routes for scientific exploration. We treat this task as a ranking problem, which we tackle with a two-stage approach: candidate generation followed by reranking. Within this framework, we adapt to the scientific domain a proven combination based on “bag of words” retrieval followed by rescoring with a BERT model. We experimentally show the effects of domain adaptation, both in terms of pretraining on in-domain data and exploiting in-domain vocabulary. In addition, we introduce a novel navigation-based document expansion strategy to enrich the candidate documents fed into our neural models. On three benchmark datasets, our methods achieve or rival the state of the art in the citation recommendation task.",2020,Scientometrics,https://www.semanticscholar.org/paper/3d733e63d44bddd235a41e47cf0718ff5e70b8e1,citation_recommendation
52020530c72e189ca0d295e611063a0aaa9109c2,A LSTM Based Model for Personalized Context-Aware Citation Recommendation,"The rapid growth of scientific papers makes it difficult to find relevant and appropriate citations. Context-aware citation recommendation aims to overcome this problem by providing a list of scientific papers given a short passage of text. In this paper, we propose a long–short-term memory (LSTM)-based model for context-aware citation recommendation, which first learns the distributed representations of the citation contexts and the scientific papers separately based on LSTM, and then measures the relevance based on the learned distributed representation of citation contexts and the scientific papers. Finally, the scientific papers with high relevance scores are selected as the recommendation list. In particular, we try to incorporate author information, venue information, and content information in scientific paper distributed vector representation. Furthermore, we integrate author information of the given context in citation context distributed vector representation. Thus, the proposed model makes personalized context-aware citation recommendation possible, which is a new issue that few papers addressed in the past. When conducting experiments on the ACL Anthology Network and DBLP data sets, the results demonstrate the proposed LSTM-based model for context-aware citation recommendation is able to achieve considerable improvement over previous context-aware citation recommendation approaches. The personalized recommendation approach is also competitive with the non-personal",2018,IEEE Access,https://www.semanticscholar.org/paper/52020530c72e189ca0d295e611063a0aaa9109c2,citation_recommendation
a82c401851fa56f896521afb2fb91908f7c8e0b4,SVD-CNN: A Convolutional Neural Network Model with Orthogonal Constraints Based on SVD for Context-Aware Citation Recommendation,"Context-aware citation recommendation aims to automatically predict suitable citations for a given citation context, which is essentially helpful for researchers when writing scientific papers. In existing neural network-based approaches, overcorrelation in the weight matrix influences semantic similarity, which is a difficult problem to solve. In this paper, we propose a novel context-aware citation recommendation approach that can essentially improve the orthogonality of the weight matrix and explore more accurate citation patterns. We quantitatively show that the various reference patterns in the paper have interactional features that can significantly affect link prediction. We conduct experiments on the CiteSeer datasets. The results show that our model is superior to baseline models in all metrics.",2020,Computational Intelligence and Neuroscience,https://www.semanticscholar.org/paper/a82c401851fa56f896521afb2fb91908f7c8e0b4,citation_recommendation
486d7ab75d9c9cfc9abe0ef4b50c7474f8019f00,A Three-Layered Mutually Reinforced Model for Personalized Citation Recommendation,"Fast-growing scientific papers pose the problem of rapidly and accurately finding a list of reference papers for a given manuscript. Citation recommendation is an indispensable technique to overcome this obstacle. In this paper, we propose a citation recommendation approach via mutual reinforcement on a three-layered graph, in which each paper, author or venue is represented as a vertex in the paper layer, author layer, and venue layer, respectively. For personalized recommendation, we initiate the random walk separately for each query researcher. However, this has a high computational complexity due to the large graph size. To solve this problem, we apply a three-layered interactive clustering approach to cluster related vertices in the graph. Personalized citation recommendations are then made on the subgraph, generated by the clusters associated with each researcher’s needs. When evaluated on the ACL anthology network, DBLP, and CiteSeer ML data sets, the performance of our proposed model-based citation recommendation approach is comparable with that of other state-of-the-art citation recommendation approaches. The results also demonstrate that the personalized recommendation approach is more effective than the nonpersonalized recommendation approach.",2018,IEEE Transactions on Neural Networks and Learning Systems,https://www.semanticscholar.org/paper/486d7ab75d9c9cfc9abe0ef4b50c7474f8019f00,citation_recommendation
2cae49b32b2152fa5f962ed34a907a64b3685474,ConvCN: A CNN-Based Citation Network Embedding Algorithm towards Citation Recommendation,"One of the most time-consuming tasks that researchers usually have to undergo is finding existing, relevant papers to study and cite in their articles. Manual effort that involves searching relevant papers using keywords not only is time-consuming, but also yields low recall. To mitigate these issues, many automatic citation recommendation methods that find possible citations, using a matrix to represent citation graph, and extracting features to predict citations relevant to the input article, have been proposed. A majority of these methods, however, are proximity-based, which lack global knowledge of the entire citation graph. In this paper, we present a preliminary investigation on a novel approach to recommend citations via knowledge graph embedding. Specifically, ConvCN, an extension of ConvKB algorithm designed for citation knowledge graph embedding, is proposed. We evaluate our approach against the state-of-the-art baselines on WN18RR dataset and citation datasets. The empirical results, using the link prediction protocol, show that the proposed method outperforms all baseline methods in all datasets.",2020,ACM/IEEE Joint Conference on Digital Libraries,https://www.semanticscholar.org/paper/2cae49b32b2152fa5f962ed34a907a64b3685474,citation_recommendation
0dedbd4b63b7ad185e7a7426c478c298fbcf4cab,Attention-Based Personalized Encoder-Decoder Model for Local Citation Recommendation,"With a tremendous growth in the number of scientific papers, researchers have to spend too much time and struggle to find the appropriate papers they are looking for. Local citation recommendation that provides a list of references based on a text segment could alleviate the problem. Most existing local citation recommendation approaches concentrate on how to narrow the semantic difference between the scientific papers' and citation context's text content, completely neglecting other information. Inspired by the successful use of the encoder-decoder framework in machine translation, we develop an attention-based encoder-decoder (AED) model for local citation recommendation. The proposed AED model integrates venue information and author information in attention mechanism and learns relations between variable-length texts of the two text objects, i.e., citation contexts and scientific papers. Specifically, we first construct an encoder to represent a citation context as a vector in a low-dimensional space; after that, we construct an attention mechanism integrating venue information and author information and use RNN to construct a decoder, then we map the decoder's output into a softmax layer, and score the scientific papers. Finally, we select papers which have high scores and generate a recommended reference paper list. We conduct experiments on the DBLP and ACL Anthology Network (AAN) datasets, and the results illustrate that the performance of the proposed approach is bett",2019,Computational Intelligence and Neuroscience,https://www.semanticscholar.org/paper/0dedbd4b63b7ad185e7a7426c478c298fbcf4cab,citation_recommendation
d1f918e4b1310176676b7f83bb54c361edcf7da3,Citation Recommendation Based on Weighted Heterogeneous Information Network Containing Semantic Linking,"Citation recommendation is of great value in scientific research during the era of big scholarly data. The task deals with different object types (e.g., paper, author, etc.) and relation types, which naturally constitute a heterogeneous information network (HIN). In order to capture semantic relations and attribute values on relations, we propose a Weighted Heterogeneous Information Network Containing Semantic Linking algorithm (WHIN-CSL) to recommend references. Firstly, we construct a weighted HIN consisting of two kinds of vertexes (papers and authors) and four kinds of relations (semantic linking, citing, writing and co-author). Secondly, we use the network representation learning method to obtain feature representation of each vertex, then we can compute the similarity between vertexes. Finally, we recommend references through linear combination among multimodal similarities. Experimental results on two real-world datasets show that WHIN-CSL achieves better performance because of the flexibly integrating information with the help of weighted HIN containing semantic linking.",2019,IEEE International Conference on Multimedia and Expo,https://www.semanticscholar.org/paper/d1f918e4b1310176676b7f83bb54c361edcf7da3,citation_recommendation
fb92c3ed1323f3456624394270348da9725e90ce,Citation Recommendation as Edge Prediction in Heterogeneous Bibliographic Network: A Network Representation Approach,"With an increasing number of scholarly publications, accessing and retrieving appropriate papers is becoming an essential task for researchers. Citation recommendation, which can automatically provide a reference list based on a text segment, can overcome this problem. In this paper, we first construct a heterogeneous bibliographic network and deem citation recommendation as edge prediction problem, and then we develop a network representation-based edge prediction (NREP) model, which can simultaneously learn the edge prediction knowledge and the predictive representation for efficient citation recommendation. For personalized recommendation, we incorporate author information. We conduct extensive experiments on two datasets; the experimental results show that the NREP-based approach outperforms the other four state-of-the-art baseline approaches in terms of recall, mean average precision, and normalized discounted cumulative gain.",2019,IEEE Access,https://www.semanticscholar.org/paper/fb92c3ed1323f3456624394270348da9725e90ce,citation_recommendation
f778698c31a5114dba75dd62cf79e968965b0eff,Joint Model Feature Regression and Topic Learning for Global Citation Recommendation,"Citation recommendation has gained increasing attention in recent years. In practice, researchers usually prefer to cite the most topic-relevant articles. Nevertheless, how to model the implicit correlations between topics and citations is still a challenging task. In this paper, we propose a novel citation recommendation model, called TopicCite, which mines such fine-grained correlations. We extract various citation features from citation network, and integrate the learning process of feature regression with topic modeling. At the recommendation stage, we expand the folding-in process by adding the topic influence of papers that correlated with user-provided information. TopicCite can also be considered a technique for extracting topic-related citation features from manually defined citation features, which can essentially improve the granularity of pre-extracted features. In addition, the unsupervised topic model is supervised and mutually reinforced by abundant citation features in TopicCite; thus, the proposed model can also extract more reliable topic distributions from citation data, which brings a new perspective to topic discovery on linked data. The experimental results on the AAN and DBLP datasets demonstrate that our model is competitive with the state-of-the-art methods.",2019,IEEE Access,https://www.semanticscholar.org/paper/f778698c31a5114dba75dd62cf79e968965b0eff,citation_recommendation
69a6ffd7d95a5b6c25e5919f41f7a3a4f1fb0ae6,Venue Topic Model–enhanced Joint Graph Modelling for Citation Recommendation in Scholarly Big Data,"Natural language processing technologies, such as topic models, have been proven to be effective for scholarly recommendation tasks with the ability to deal with content information. Recently, venue recommendation is becoming an increasingly important research task due to the unprecedented number of publication venues. However, traditional methods focus on either the author’s local network or author-venue similarity, where the multiple relationships between scholars and venues are overlooked, especially the venue–venue interaction. To solve this problem, we propose an author topic model–enhanced joint graph modeling approach that consists of venue topic modeling, venue-specific topic influence modeling, and scholar preference modeling. We first model the venue topic with Latent Dirichlet Allocation. Then, we model the venue-specific topic influence in an asymmetric and low-dimensional way by considering the topic similarity between venues, the top-influence of venues, and the top-susceptibility of venues. The top-influence characterizes venues’ capacity of exerting topic influence on other venues. The top-susceptibility captures venues’ propensity of being topically influenced by other venues. Extensive experiments on two real-world datasets show that our proposed joint graph modeling approach outperforms the state-of-the-art methods.",2020,ACM Trans. Asian Low Resour. Lang. Inf. Process.,https://www.semanticscholar.org/paper/69a6ffd7d95a5b6c25e5919f41f7a3a4f1fb0ae6,citation_recommendation
c9c8f4aa10d85936a6902fe625b40960d361f0f7,A New Citation Recommendation Strategy Based on Term Functions in Related Studies Section,"Abstract Purpose Researchers frequently encounter the following problems when writing scientific articles: (1) Selecting appropriate citations to support the research idea is challenging. (2) The literature review is not conducted extensively, which leads to working on a research problem that others have well addressed. The study focuses on citation recommendation in the related studies section by applying the term function of a citation context, potentially improving the efficiency of writing a literature review. Design/methodology/approach We present nine term functions with three newly created and six identified from existing literature. Using these term functions as labels, we annotate 531 research papers in three topics to evaluate our proposed recommendation strategy. BM25 and Word2vec with VSM are implemented as the baseline models for the recommendation. Then the term function information is applied to enhance the performance. Findings The experiments show that the term function-based methods outperform the baseline methods regarding the recall, precision, and F1-score measurement, demonstrating that term functions are useful in identifying valuable citations. Research limitations The dataset is insufficient due to the complexity of annotating citation functions for paragraphs in the related studies section. More recent deep learning models should be performed to future validate the proposed approach. Practical implications The citation recommendation strategy can be ",2020,Journal of Data and Information Science,https://www.semanticscholar.org/paper/c9c8f4aa10d85936a6902fe625b40960d361f0f7,citation_recommendation
1d4cb57adcdd2705a8fb9da444b5fa8eaea9eaba,Learning Neural Textual Representations for Citation Recommendation,"With the rapid growth of the scientific literature, manually selecting appropriate citations for a paper is becoming increasingly challenging and time-consuming. While several approaches for automated citation recommendation have been proposed in the recent years, effective document representations for citation recommendation are still elusive to a large extent. For this reason, in this paper we propose a novel approach to citation recommendation which leverages a deep sequential representation of the documents (Sentence-BERT) cascaded with Siamese and triplet networks in a submodular scoring function. To the best of our knowledge, this is the first approach to combine deep representations and submodular selection for a task of citation recommendation. Experiments have been carried out using a popular benchmark dataset - the ACL Anthology Network corpus - and evaluated against baselines and a state-of-the-art approach using metrics such as the MRR and F1@$k$ score. The results show that the proposed approach has been able to outperform all the compared approaches in every measured metric.",2020,International Conference on Pattern Recognition,https://www.semanticscholar.org/paper/1d4cb57adcdd2705a8fb9da444b5fa8eaea9eaba,citation_recommendation
40fb19b907aa7d7546d25d7f8f7e4b34d5f12235,Semantic Based Heterogeneous Information Network Embedding for Patent Citation Recommendation,"With the increasing number of patents, the task of patent citation recommendation becomes more and more important and meaningful. The core of a patent is textual content, which describes technical ideas and scope of the protection. Therefore, most of the existing patent citation recommendation methods focus on textual content. Recently, some scholars introduce bibliographic (structural) data to construct heterogeneous information network (HIN) on the basis of textual content to further improve the effect of recommendation. Most of these methods build HIN directly based on candidate patents selected in advance according to text similarity, which simplifies the complexity of the problem. However, the latent semantic relationships between patents formed by the textual content are often ignored, which can be used to mine more semantic and structural relationships in HIN. In this paper, in order to capture deep semantic and structural information, we introduce Semantic based Heterogeneous Information Network Embedding (SHINE) which obtains the latent semantic relationships between patents (referred to as semantic links in this paper) by textual content similarity and topic similarity, and links the semantic relationships with network structure to build a novel HIN. First, to obtain semantic links, we not only consider the textual content similarity between patents but also the topic similarity. We use the linear fusion method to combine these two similarities. Secondly, we build a",2020,2020 International Conference on Artificial Intelligence and Computer Engineering (ICAICE),https://www.semanticscholar.org/paper/40fb19b907aa7d7546d25d7f8f7e4b34d5f12235,citation_recommendation
dbaa000715bdd59aff8b69ab32458df5a4c94ba2,Citation Recommendation Using Distributed Representation of Discourse Facets in Scientific Articles,"Scientific articles usually follow a common pattern of discourse, and their contents can be divided into several facets, such as objective, method, and result. We examine the efficacy of using these discourse facets for citation recommendation. A method for learning multi-vector representations of scientific articles is proposed, in which each vector encodes a discourse facet present in an article. With each facet represented as a separate vector, the similarity of articles can be measured not in their entirety, but facet by facet. The proposed representation method is tested on a new citation recommendation task called context-based co-citation recommendation. This task calls for the evaluation of article similarity in terms of citation contexts, wherein facets help to abstract and generalize the diversity of contexts. The experimental results show that the facet-based representation outperforms the standard monolithic representation of articles.",2018,ACM/IEEE Joint Conference on Digital Libraries,https://www.semanticscholar.org/paper/dbaa000715bdd59aff8b69ab32458df5a4c94ba2,citation_recommendation
9aa0326aa245d79e7bb4125817399e8c26d3e7a4,Cross-language Citation Recommendation via Hierarchical Representation Learning on Heterogeneous Graph,"While the volume of scholarly publications has increased at a frenetic pace, accessing and consuming the useful candidate papers, in very large digital libraries, is becoming an essential and challenging task for scholars. Unfortunately, because of language barrier, some scientists (especially the junior ones or graduate students who do not master other languages) cannot efficiently locate the publications hosted in a foreign language repository. In this study, we propose a novel solution, cross-language citation recommendation via Hierarchical Representation Learning on Heterogeneous Graph (HRLHG), to address this new problem. HRLHG can learn a representation function by mapping the publications, from multilingual repositories, to a low-dimensional joint embedding space from various kinds of vertexes and relations on a heterogeneous graph. By leveraging both global (task specific) plus local (task independent) information as well as a novel supervised hierarchical random walk algorithm, the proposed method can optimize the publication representations by maximizing the likelihood of locating the important cross-language neighborhoods on the graph. Experiment results show that the proposed method can not only outperform state-of-the-art baseline models, but also improve the interpretability of the representation model for cross-language citation recommendation task.",2018,Annual International ACM SIGIR Conference on Research and Development in Information Retrieval,https://www.semanticscholar.org/paper/9aa0326aa245d79e7bb4125817399e8c26d3e7a4,citation_recommendation
6e04e775be03521739b76887253648ae8c3bef75,Deep learning-based citation recommendation system for patents,"In this study, we address the challenges in developing a deep learning-based automatic patent citation recommendation system. Although deep learning-based recommendation systems have exhibited outstanding performance in various domains (such as movies, products, and paper citations), their validity in patent citations has not been investigated, owing to the lack of a freely available high-quality dataset and relevant benchmark model. To solve these problems, we present a novel dataset called PatentNet that includes textual information and metadata for approximately 110,000 patents from the Google Big Query service. Further, we propose strong benchmark models considering the similarity of textual information and metadata (such as cooperative patent classification code). Compared with existing recommendation methods, the proposed benchmark method achieved a mean reciprocal rank of 0.2377 on the test set, whereas the existing state-of-the-art recommendation method achieved 0.2073.",2020,arXiv.org,https://www.semanticscholar.org/paper/6e04e775be03521739b76887253648ae8c3bef75,citation_recommendation
777e34c359343dfa60175ed8fb21c23e522de3b2,Similarity Analysis for Citation Recommendation System using Binary Encoded Data,"Citations are a crucial part of an academic dissertation, project or scientific work. The most time-consuming task for any scholar is to find suitable citations for any work. Thus, a convenient citation recommendation system provides completeness and fulfillment for citing the giants' works. Moreover, attaining high quality for any citation recommendation system is challenging as it should not only recommend relevant papers but also should match the context of the paper. An advanced algorithm SABED (Similarity Analysis using Binary Encoded Data) has been proposed that converts text metadata of the article like author name, doi of the paper, keywords, abstract and content of the paper into the binary format and is fired into the database. The binary formatted query fired fetches the accurate matches thereby increasing the accuracy of search probability and similarity analysis. This similarity analysis can be further used to provide recommendations to the users. The proposed system concentrates on the similarity of the content and hence the context of the papers is not taken into consideration.",2020,"2020 International Conference on Electrical, Communication, and Computer Engineering (ICECCE)",https://www.semanticscholar.org/paper/777e34c359343dfa60175ed8fb21c23e522de3b2,citation_recommendation
42853d2cb66d808df09cc14bbeea13e1dfbe2679,A Hybrid Discriminative Mixture Model for Cumulative Citation Recommendation,"This paper explores Cumulative Citation Recommendation (CCR) for Knowledge Base Acceleration (KBA). The CCR task aims to detect potential citations of a set of target entities with priorities from a volume of temporally-ordered stream corpus. Previous approaches for CCR that build an individual relevance model for each entity fail to deal with unseen entities without annotation. A compromised solution is to build a global entity-unspecific model for all entities without respect to the relationship information among entities, which cannot guarantee achieving a satisfactory result for each entity. Moreover, most previous methods can not adequately exploit prior knowledge embedded in entities or documents due to considering all kinds of features indifferently. In this paper, we propose a novel entity and document class-dependent discriminative mixture model by introducing one intermediate layer to model the correlation between entity-document pairs and hybrid latent entity-document classes. The model can better adjust to different types of entities and documents, and achieve better performance when dealing with a broad range of entity and document classes. An extensive set of experiments has been conducted on two offical datasets, and the experimental results demonstrate that the proposed model can achieve the state-of-the-art performance.",2020,IEEE Transactions on Knowledge and Data Engineering,https://www.semanticscholar.org/paper/42853d2cb66d808df09cc14bbeea13e1dfbe2679,citation_recommendation
94c0c08876e12169c51046647b7efc2c9795774a,Citation Recommendation with a Content-Sensitive DeepWalk Based Approach,"Systems for recommending scientific papers mainly help researchers to find a list of references that related to the researcher's interest effectively and automatically. Many state-of-the-art technique have been used for recommendation system, however, the traditional approaches has the issues of data scarcities and cold start, and existing recommended approaches with network representation only focus on one aspect of node information and cannot leverage content information. In this paper, we proposed a Citation Recommendation method with a Content-Aware bibliographic network representation, called CR-CA, whose recommended process contains two levels: (1) At the node content level, the proposed approach calculates similarities between the target and candidate papers, selecting an initial seed set of papers; (2) At the citation network structure level, this approach exploits citation relationship between papers to study latent representation of the scientific papers based on a deep natural language method–DeepWalk. The proposed approach was tested on the AAN dataset demonstrate that this approach outperforms baseline algorithms, in the true positive rate (Recall) and normalized discounted cumulative gain (NDCG).",2019,2019 International Conference on Data Mining Workshops (ICDMW),https://www.semanticscholar.org/paper/94c0c08876e12169c51046647b7efc2c9795774a,citation_recommendation
7c4252b63886e7ba17e0434d7cabb24359d5d173,MACRec: A Meta-learning Enhanced Model for Academic Collaborator Recommendation,"Identifying potential academic collaborators has become increasingly crucial to promote scientific development. Existing methods of recommending collaborators primarily focus on analyzing publication content or integrating both content and academic network information. However, these methods often suffer from the cold-start problem due to sparse interaction data among researchers. To this end, we propose a novel meta-learning enhanced model on heterogeneous academic networks for academic collaborator recommendation, named MACRec. This model considers the academic collaborator recommendation in both data and model levels to address the cold-start problem. We introduce a multi-view task constructor that uses academic data and meta-paths to capture semantic contexts within an academic network at the data level, and we also include an academic meta-learner that performs semantic-wise and task-wise adaptations, allowing for fast adaptation to new researcher tasks with few data at the model level. Extensive experiments on two real-world datasets show that MACRec performs significantly better than state-of-the-art baseline methods.",2025,International Conference on Computer Supported Cooperative Work in Design,https://www.semanticscholar.org/paper/7c4252b63886e7ba17e0434d7cabb24359d5d173,collaborator_recommendation
b77c86a0ff5bd4496d083ac938bbc0b488c60eae,A multi-level fusion based decision support system for academic collaborator recommendation,"Abstract In academia, researchers collaborate with their peers to improve the quality of research and thereby enhance academic profiles. However, information overload in big scholarly data poses a challenge in identifying potential researchers for fruitful collaboration. In this article, we introduce a multi-level fusion-based model for collaborator recommendation, DRACoR (Deep learning and Random walk based Academic Collaborator Recommender). DRACoR fuses deep learning and biased random walk model to provide the recommendation for potential collaborators that share similar research interests at the peer level. We run a topic model on abstracts and Doc2Vec on titles on year-wise publications to capture the dynamic research interests of researchers. Author–author cosine similarity is computed from the feature vectors extracted from abstracts and titles and is then used to weigh edges in the author–author graph (AAG). We also aggregate various meta-path features with profile-aware features to bias the random walk behavior. Finally, we employ a random walk with restart(RWR) to recommend top N collaborators where the edge weights are used to bias the random walker’s behavior. Extensive experiments on DBLP and hep-th datasets demonstrate the effectiveness of our proposed DRACoR model against various state-of-the-art methods in terms of precision, recall, F1-score, MRR, and nDCG.",2020,Knowledge-Based Systems,https://www.semanticscholar.org/paper/b77c86a0ff5bd4496d083ac938bbc0b488c60eae,collaborator_recommendation
83ea0924b18d2bb27ee1d3357438b8282fc7309f,Academic Collaborator Recommendation Based on Attributed Network Embedding,"Abstract Purpose Based on real-world academic data, this study aims to use network embedding technology to mining academic relationships, and investigate the effectiveness of the proposed embedding model on academic collaborator recommendation tasks. Design/methodology/approach We propose an academic collaborator recommendation model based on attributed network embedding (ACR-ANE), which can get enhanced scholar embedding and take full advantage of the topological structure of the network and multi-type scholar attributes. The non-local neighbors for scholars are defined to capture strong relationships among scholars. A deep auto-encoder is adopted to encode the academic collaboration network structure and scholar attributes into a low-dimensional representation space. Findings 1. The proposed non-local neighbors can better describe the relationships among scholars in the real world than the first-order neighbors. 2. It is important to consider the structure of the academic collaboration network and scholar attributes when recommending collaborators for scholars simultaneously. Research limitations The designed method works for static networks, without taking account of the network dynamics. Practical implications The designed model is embedded in academic collaboration network structure and scholarly attributes, which can be used to help scholars recommend potential collaborators. Originality/value Experiments on two real-world scholarly datasets, Aminer and APS, show that o",2022,Journal of Data and Information Science,https://www.semanticscholar.org/paper/83ea0924b18d2bb27ee1d3357438b8282fc7309f,collaborator_recommendation
b1cffc5278d6a1a91a9d60ac266f5b8975c46594,Content-Enhanced Network Embedding for Academic Collaborator Recommendation,"It is meaningful for a researcher to find some proper collaborators in complex academic tasks. Academic collaborator recommendation models are always based on the network embedding of academic collaborator networks. Most of them focus on the network structure, text information, and the combination of them. The latent semantic relationships exist according to the text information of nodes in the academic collaborator network. However, these relationships are often ignored, which implies the similarity of the researchers. How to capture the latent semantic relationships among researchers in the academic collaborator network is a challenge. In this paper, we propose a content-enhanced network embedding model for academic collaborator recommendation, namely, CNEacR. We build a content-enhanced academic collaborator network based on the weighted text representation of each researcher. The content-enhanced academic collaborator network contains intrinsic collaboration relationships and latent semantic relationships. Firstly, the weighted text representation of each researcher is obtained according to its text information. Secondly, a content-enhanced academic collaborator network is built via the similarity of the weighted text representation of researchers and intrinsic collaboration relationships. Thirdly, each researcher is represented as a latent vector using network representation learning. Finally, top-
 
 k
 
 similar researchers are recommended for each target researcher. E",2021,Complex,https://www.semanticscholar.org/paper/b1cffc5278d6a1a91a9d60ac266f5b8975c46594,collaborator_recommendation
e6f36e5db4de408fbbf29c39c94c16d51382b19a,Context-aware Academic Collaborator Recommendation,"Collaborator Recommendation is a useful application in exploiting big academic data. However, existing works leave out the contextual restriction (i.e., research topics) of people's academic collaboration, thus cannot recommend suitable collaborators for the required research topics. In this work, we propose Context-aware Collaborator Recommendation (CACR), which aims to recommend high-potential new collaborators for people's context-restricted requests. To this end, we design a novel recommendation framework, which consists of two fundamental components: the Collaborative Entity Embedding network (CEE) and the Hierarchical Factorization Model (HFM). In particular, CEE jointly represents researchers and research topics as compact vectors based on their co-occurrence relationships, whereby capturing researchers' context-aware collaboration tendencies and topics' underlying semantics. Meanwhile, HFM extracts researchers' activenesses and conservativenesses, which reflect their intensities of making academic collaborations and tendencies of working with non-collaborated fellows. The extracted activenesses and conservativenesses work collaboratively with the context-aware collaboration tendencies, such that high-quality recommendation can be produced. Extensive experimental studies are conducted with large-scale academic data, whose results verify the effectiveness of our proposed approaches.",2018,Knowledge Discovery and Data Mining,https://www.semanticscholar.org/paper/e6f36e5db4de408fbbf29c39c94c16d51382b19a,collaborator_recommendation
4946074a56b3e2e8c9964a65e71522061d967d34,Explainable Cross-Domain Collaborator Recommendation,"Collaborating with researchers from different academic domains has become more accessible with the emergence of academic social networking platforms. However, finding the right collaborator remains a challenge. Current cross-domain collaborator recommendation methods fail to provide explanations for their suggestions, thus requiring additional effort from users. In this paper, we propose the Explainable Cross-Domain Collaborator Recommendation (ECDCR) problem, which aims to provide users with collaborator recommendations and corresponding explanations. Our approach, named ECRec, constructs an academic network by using external information and extracting users’ meta-path connections to provide comprehensive explanations for their collaborative behavior. To ensure consistency between recommendation and explanation, we employ an attention mechanism that integrates multiple meta-paths to predict collaboration and selects the most important meta-path connection as an explanation. We conduct extensive experiments on three real-world datasets and demonstrate that our method has excellent explainability and recommendation performance.",2024,International Conference on Computer Supported Cooperative Work in Design,https://www.semanticscholar.org/paper/4946074a56b3e2e8c9964a65e71522061d967d34,collaborator_recommendation
79dbf822312a3c9e2a3d65a7014b38acb53e5e22,Collaborator Recommendation Based on Multiple Information Graphs,"Academic researchers work with their peers to improve the quality of their research and broaden their field of study. On the other hand, finding suitable partners for effective collaborations is challenging due to the amount of information in large-scale academic data. Different approaches for recommending partners have been put forth to address this problem. However, in order to produce high-quality recommendations, these models ignore critical content information factors such as topical relevance, affiliation, scholarly level, and publication location. Many models also ignore second-order proximity while analyzing structural information. As a result, we propose a collaborator recommendation model based on various pieces of information in order to deliver suggestions for collaborators that are more accurate. The proposed model encodes data from multiple information graphs into a low-dimensional vector space to jointly learn information from scholars. The learned scholar embeddings are then used to provide customized collaboration recommendations. Experiments on a public dataset show that our method is better than the baseline models.",2023,"2023 IEEE 6th Information Technology,Networking,Electronic and Automation Control Conference (ITNEC)",https://www.semanticscholar.org/paper/79dbf822312a3c9e2a3d65a7014b38acb53e5e22,collaborator_recommendation
ac3d6bd09d62b5bba8a80b2f6fa51e310789caf8,Sustainable Collaborator Recommendation Based on Conference Closure,"It is always difficult for researchers to find a new collaborator due to the academic information overload. Although several scientific collaborator recommendation systems have been proposed, most existing methods cannot meet scholars’ requirements comprehensively due to the neglect of sustainable collaborations in their schemes. Studies have shown that a sustainable collaboration has a significant positive impact on the productivity and influence for a researcher. To address this problem, we develop a sustainable collaborator recommendation (SCORE) system by utilizing the weak tie relationships brought by academic conferences for SCORE. Through defining and quantifying the conference closure, we incorporate the conference coattending relationships into collaborator recommendation system inspired by the principles of “diversified recommendation.” The experimental results on attendees of ten academic conferences show that the SCORE outperforms state-of-the-art collaborator recommendation systems in accuracy and sustainability. Our model can be used to improve the sociability of academic conferences by recommending sustainable collaborators to conference attendees.",2019,IEEE Transactions on Computational Social Systems,https://www.semanticscholar.org/paper/ac3d6bd09d62b5bba8a80b2f6fa51e310789caf8,collaborator_recommendation
2427334a54399854d82839c42a57d965c9ce86e3,Career Age-Aware Scientific Collaborator Recommendation in Scholarly Big Data,"Seeking a collaborator is one of the important academic activities of scholars because the right collaborators will help improve the quality of scholars’ research and accelerate their research process. Therefore, it is becoming more and more important to recommend scientific collaborators based on big scholarly data. However, previous works mainly consider the research topic as the key academic factor, whereas many scholars’ demographic characteristics such as career age, gender, etc are overlooked. It has been studied that scientific collaboration patterns may vary with scholars’ career ages. It is not surprising that scholars at different career ages may have different collaboration strategies. To this end, we aim to design a scientific collaboration recommendation model that is sensitive to scholars’ career age. For this purpose, we design a career age-aware scientific collaboration model. The model is mainly consisted of three parts, including authorship extraction from the digital libraries, topic extraction based on publication titles/abstract, and career age-aware random walk for measuring scholar similarity. Experimental results on two real-world datasets demonstrate that our proposed model can achieve the best performance by comparison with six baseline methods in terms of precision and recall.",2019,IEEE Access,https://www.semanticscholar.org/paper/2427334a54399854d82839c42a57d965c9ce86e3,collaborator_recommendation
44e731610f6dc8761a604d92ede14ce7d1aefead,Collaborator Recommendation Based on Dynamic Attribute Network Representation Learning,"Scientific collaboration plays an important role in modern academic research. Collaborations between scholars will bring about high-quality papers and improve the academic influence of scholars. However, it is more and more difficult to find a suitable collaborator due to the rapid growth of academic data. There are already some recommendation systems based on calculating the similarity between scholars. But most of them do not consider the dynamic nature of the scientific collaboration network. To this end, we propose a collaborator recommendation algorithm based on dynamic attribute network representation learning (DANRL). It takes advantage of the network topology, scholar attributes and the dynamic nature of the network to represent scholars as low-dimensional vectors. By calculating the cosine similarity between scholar vectors, we can recommend the most similar collaborators to target scholars. Moreover, at each time step of the dynamic network, our method only needs to train embedding vectors for some selected nodes instead of performing random walks and training embedding vectors for all nodes, which can significantly improve the recommendation efficiency. Experiments on two real-world datasets show that DANRL outperforms several baseline methods.",2020,"International Conference on Behavioral, Economic, and Socio-Cultural Computing",https://www.semanticscholar.org/paper/44e731610f6dc8761a604d92ede14ce7d1aefead,collaborator_recommendation
cbf051529561f96125378d3013ee1b58ea422aed,Many-to-Many Collaborator Recommendation Based on Matching Markets Theory,"As the academic data developing rapidly, it is crucially important to obtain more scientific achievements by helping scholars to make the right choices of potential collaborators among the big data. The conventional methods are to provide each scholar with a Top N recommendation list of candidates, in which some scholars are recommended to overmany collaborators and only guarantee the optimal results of them. To bridge this gap, in this work-in-progress, we present an academic collaborator recommendation method based on matching theory from the perspectives of maximizing preference and minimizing cost. The method adopts the multiple indicators extracted from the papers published by scholars to integrate the preference matrix among scholars. which applies matching theory to achieve a stable many-to-many matching of recommendation. It aims that each scholar can choose the collaborators they are keen on. After conducting abundant experiments on Microsoft Academic Graph, we demonstrate that this approach is definitely effective in improving recommendation accuracy and coverage.",2019,"2019 IEEE Intl Conf on Dependable, Autonomic and Secure Computing, Intl Conf on Pervasive Intelligence and Computing, Intl Conf on Cloud and Big Data Computing, Intl Conf on Cyber Science and Technology Congress (DASC/PiCom/CBDCom/CyberSciTech)",https://www.semanticscholar.org/paper/cbf051529561f96125378d3013ee1b58ea422aed,collaborator_recommendation
543ce8b0de2d6765143d7855feb993d96a736023,TNERec: Topic-Aware Network Embedding for Scientific Collaborator Recommendation,"Collaboration is increasingly becoming a vital factor in an academic network, which can bring lots of benefits for scholars. Ubiquitous intelligence also provides an effective way for scholars to find collaborators. However, due to the large-scale of scholarly big data, there is a lot of information hard to capture in networks and we need to dig out valid information from collaboration networks. It is a valuable and urgent task to find appropriate collaborators for scholars. To address these problems, we hypothesize that fusing topic model and structure information could improve the performance of recommendations. In this paper, we propose a collaborator recommendation system, named TNERec (Topic-aware Network Embedding for scientific collaborator Recommendation), learning representations from scholars' research interests and network structure. TNERec first extracts scholars' research interests based on topic model and then learns vectors of scholars with network embedding. Finally, top-k recommendation list is generated based on the scholar vectors. Experimental results on a real-world dataset show the effectiveness of the proposed framework compared with state-of-the-art collaboration recommendation baselines.",2018,"2018 IEEE SmartWorld, Ubiquitous Intelligence & Computing, Advanced & Trusted Computing, Scalable Computing & Communications, Cloud & Big Data Computing, Internet of People and Smart City Innovation (SmartWorld/SCALCOM/UIC/ATC/CBDCom/IOP/SCI)",https://www.semanticscholar.org/paper/543ce8b0de2d6765143d7855feb993d96a736023,collaborator_recommendation
cf2f68932ad1082ac122819ee326e117160ab896,Exploiting Publication Contents and Collaboration Networks for Collaborator Recommendation,"Thanks to the proliferation of online social networks, it has become conventional for researchers to communicate and collaborate with each other. Meanwhile, one critical challenge arises, that is, how to find the most relevant and potential collaborators for each researcher? In this work, we propose a novel collaborator recommendation model called CCRec, which combines the information on researchers’ publications and collaboration network to generate better recommendation. In order to effectively identify the most potential collaborators for researchers, we adopt a topic clustering model to identify the academic domains, as well as a random walk model to compute researchers’ feature vectors. Using DBLP datasets, we conduct benchmarking experiments to examine the performance of CCRec. The experimental results show that CCRec outperforms other state-of-the-art methods in terms of precision, recall and F1 score.",2016,PLoS ONE,https://www.semanticscholar.org/paper/cf2f68932ad1082ac122819ee326e117160ab896,collaborator_recommendation
6ccbe34e0339359687f384a0d1f16ed7fe8bc628,A Nearest Neighbor Based Personal Rank Algorithm for Collaborator Recommendation,"Nowadays, more and more scholars find their own research collaborators through social platforms for scientific research. Due to the information overload problem, how to recommend collaborators accurately has become an important issue. In addition, with the development of academic research, interdisciplinary studies are more and more common. Previous topic modeling methods and some other social friend recommendation algorithms are not suitable for the recommendation of scientific research collaborators. Inspired by random walk with restart (RWR) and PageRank approach, this paper provides a nearest neighbor based random walk algorithm (NNRW) to recommend collaborators. Compared to the fixed probability of walking in traditional random walk algorithm, NNRW achieves better performance because it incorporates the social network characteristics and the probability of walking depends on the historical cooperation of the target user.",2018,International Conference on Service Systems and Service Management,https://www.semanticscholar.org/paper/6ccbe34e0339359687f384a0d1f16ed7fe8bc628,collaborator_recommendation
f075926ed0f938ae716f5bf3d1cbcf05ee2ada58,NovSRC: A Novelty-Oriented Scientific Collaborators Recommendation Model,"—Collaborator recommendation is a crucial topic in research management. This paper proposes a Novelty-Oriented Scientific Research Collaborator recommendation model (NovSRC). By recommending collaborators under the guidance of novel indicators, NovSRC aims to broaden scholars' research perspectives and facilitate the progress of research innovation. NovSRC utilizes heterogeneous academic networks composed of different academic entities and their relationships to learn vector representations of scholars and quantify their novelty metrics. A weighted academic collaboration network was constructed by measuring the novelty collaboration strength (NCS) among scholars under the novelty index, and based on this network, the final vector representation of scholars under the guidance of novelty characteristics was learned. By calculating the similarity between scholar vectors, NovSRC generates a Top-N recommendation list with a focus on novelty. The experimental results indicate that NovSRC achieved the best recommendation performance. Compared with the baseline models, the recommendation precision of NovSRC has improved by 6.9%, the F1 value has increased by 17.3%, and the novelty collaboration strength among scholars has increased by 3.3%. The analysis of the recommended list shows that compared to the target scholars, scholars recommended by the NovSRC model exhibit a wider distribution of research interests, which confirms that novelty has become a key benchmark factor for scholar",2024,International Journal of Advanced Computer Science and Applications,https://www.semanticscholar.org/paper/f075926ed0f938ae716f5bf3d1cbcf05ee2ada58,collaborator_recommendation
e2b2da84298e28c740c292dba4750d259e7c1c60,A fuzzy expert system based recommendation model for nuclear wastewater research collaborators,"In order to help scholars in the field of nuclear wastewater explore potential research collaborators more efficiently, this paper proposes a fuzzy expert system-based research collaborator recommendation model (FCR-NWR) to address the problems of existing collaboration recommendation models in terms of textual representation, incomplete extraction of scholars' features, and the lack of diversified information and reasoning decision-making methods. The model fully obtains text features through multilevel text analysis, combines with new methods to calculate scholars' comprehensive academic ability and scientific research cooperation intensity, and finally utilizes the expert system to simulate the knowledge and decision-making process of human experts for collaborator recommendation. Through this model, scholars in the field of nuclear wastewater can integrate into the academic community faster, find potential collaborators, and promote academic co-development. The experimental results show that FCR-NWR outperforms traditional methods in terms of precision, recall and F1 value.",2024,Proceedings of the 4th Asia-Pacific Artificial Intelligence and Big Data Forum,https://www.semanticscholar.org/paper/e2b2da84298e28c740c292dba4750d259e7c1c60,collaborator_recommendation
913890ea1faa30964193b58e21f47f418e568a5e,Proximity‐aware research leadership recommendation in research collaboration via deep neural networks,"Collaborator recommendation is of great significance for facilitating research collaboration. Proximities have been demonstrated to be significant factors and determinants of research collaboration. Research leadership is associated with not only the capability to integrate resources to launch and sustain the research project but also the production and academic impact of the collaboration team. However, existing studies mainly focus on social or cognitive proximity, failing to integrate critical proximities comprehensively. Besides, existing studies focus on recommending relationships among all the coauthors, ignoring leadership in research collaboration. In this article, we propose a proximity‐aware research leadership recommendation (PRLR) model to systematically integrate critical node attribute information (critical proximities) and network features to conduct research leadership recommendation by predicting the directed links in the research leadership network. PRLR integrates cognitive, geographical, and institutional proximity as node attribute information and constructs a leadership‐aware coauthorship network to preserve the research leadership information. PRLR learns the node attribute information, the local network features, and the global network features with an autoencoder model, a joint probability constraint, and an attribute‐aware skip‐gram model, respectively. Extensive experiments and ablation studies have been conducted, demonstrating that PRLR significan",2021,J. Assoc. Inf. Sci. Technol.,https://www.semanticscholar.org/paper/913890ea1faa30964193b58e21f47f418e568a5e,collaborator_recommendation
64b3010a40cff779de1eda4b4db7d472bd48701b,Attribute-Aware Graph Recurrent Networks for Scholarly Friend Recommendation Based on Internet of Scholars in Scholarly Big Data,"The academic society is stepping into the age of scholarly big data, where finding suitable scholars for collaboration has become ever difficult. Scholarly recommendation approaches are designed to overcome the information overload problems. However, previous methods mainly consider network topology without considering scholars’ academic information and the manually designed similarity measurements may not have a good performance when applying to large-scale sparse networks. To this end, this article proposes to design a scholarly friend recommendation system by taking advantages of network embedding and scholar attributes. It is worth mentioning that different from traditional scientific collaborator recommendations, our goal is to recommend potential friends for scholars using academic social networks. We first construct an attributed social network by extracting scholars’ academic attributes from digital libraries. Then, we perform an attributed random walk which can jointly model network structure and scholar attributes. Finally, a novel graph recurrent neural framework is adopted to embed attributed scholar interactions within the model for recommendations. Experimental results on two real-world scholarly datasets demonstrate the effectiveness of our proposed method.",2020,IEEE Transactions on Industrial Informatics,https://www.semanticscholar.org/paper/64b3010a40cff779de1eda4b4db7d472bd48701b,collaborator_recommendation
49929ca34d65302238bb5953f91f2879ea10eb58,"Cloud-Based Big Data Management and Analytics for Scholarly Resources: Current Trends, Challenges and Scope for Future Research","With the shifting focus of organizations and governments towards digitization of academic and technical documents, there has been an increasing need to use this reserve of scholarly documents for developing applications that can facilitate and aid in better management of research. In addition to this, the evolving nature of research problems has made them essentially interdisciplinary. As a result, there is a growing need for scholarly applications like collaborator discovery, expert finding and research recommendation systems. This research paper reviews the current trends and identifies the challenges existing in the architecture, services and applications of big scholarly data platform with a specific focus on directions for future research.",2016,arXiv.org,https://www.semanticscholar.org/paper/49929ca34d65302238bb5953f91f2879ea10eb58,collaborator_recommendation
34873ef07c598760b631514612e36dc2a10acef1,Modeling Academic Research Collaborator Selection Using an Integrated Model,"Expert finding systems try to alleviate the information overload problem and recommend experts who can satisfy users’ needs. They support researchers to find research collaborators automatically. The main challenge of current expert finding systems is that they retrieve experts based on the content of their documents but ignore the human interaction perspective. The human interaction perspective comprises the factors that influence collaborator selection decisions in real life. This study aimed to develop a collaborator selection model for expert finding systems in research universities. This model includes human capital, social capital, and cultural capital factors that influence collaborator selection. The researchers integrated the Scientific and Technical Human Capital (STHC) model and Social Capital Theory to determine these factors. The authors conducted a survey comprising 349 researchers from Malaysian research universities to validate the research hypotheses. A partial least squares structural equation model (PLS-SEM) was employed to analyze all the survey data. The empirical results revealed that the significant factors that influence collaborator selection in the research universities context were cognitive accessibility, reliability, relevance, commitment, physical accessibility, cultural experiences, complementary skills, and research experience. Surprisingly, the results revealed that network ties, relational accessibility, and reputation were insignificant fact",2021,IEEE Access,https://www.semanticscholar.org/paper/34873ef07c598760b631514612e36dc2a10acef1,collaborator_recommendation
325d21d65ad182e8a96c822ec272a2e1bddc55d6,Fuzzy Logic and Machine Learning-Enabled Recommendation System to Predict Suitable Academic Program for Students,"In recent years, educational data mining has gained a considerable lot of interest as a consequence of the large number of pedagogical content that can be gathered from a range of sources. This is because there is a lot of instructional information that can be obtained. The data mining tools collaborate with academics to improve students’ learning strategies by analyzing, sifting through, and estimating components that are pertinent to students’ characteristics or patterns of behavior. This is accomplished through the following steps: EDM is utilized in the vast majority of instances to develop the classification model, which then assigns a certain class to each student based on the known properties of the training dataset. Before putting the classification model into use, it is possible to utilize a test dataset to verify that the model is accurate. This article provides a description of a recommendation system that determines the most beneficial academic program for students by utilizing fuzzy logic and machine learning. The compilation of a student dataset has begun. It includes a total of 21 features and 1000 individual cases. The initial step is to employ the CFS attribute selection method. This methodology selects 15 of the initial set of 21 characteristics. Following the completion of the data gathering, it is put through various machine learning methods such fuzzy SVM, random forest, and C4.5. This methodology that has been offered makes predictions about the academic",2022,Mathematical Problems in Engineering,https://www.semanticscholar.org/paper/325d21d65ad182e8a96c822ec272a2e1bddc55d6,collaborator_recommendation
53c51656eccbc7772ed3a2db6a8acc9b492a484f,An Integrated Approach to Research Paper and Expertise Recommendation in Academic Research,"—Research papers and expertise recommendation systems have been operating independently of one another, resulting in avoidable search queries and unsatisfactory recommendations. This study developed an integrated recommendation system to harmonize research papers and expertise recommendations in the academic domain for enhanced research collaboration. It aims to address issues related to the isolated existence of these systems. A recommendation algorithm was developed to synergize the research paper and expertise recommendation models. The Cosine similarity function between user query and available research papers as well as experts, was combined with selected criteria to achieve recommendation. The synergized model was simulated and evaluated using Precision, Recall, F-measure and Root Mean Square Error as performance metrics. The findings showed that the harmonization of research paper and expertise recommendation approaches provides a holistic and enhanced approach towards research paper and expertise recommendation. Thus, academic researchers now have a reliable way to recommend experts and research papers, which will lead to more collaborative research activities.",2022,International Journal of Advanced Computer Science and Applications,https://www.semanticscholar.org/paper/53c51656eccbc7772ed3a2db6a8acc9b492a484f,collaborator_recommendation
47af3828c6470e667d9b38d9c615c556e7413d1b,A Framework of Prompting Intelligent System for Academic Advising Using Recommendation System Based on Association Rules,"A recommendation or a suggestion system is a branch of information filtering systems that aims to anticipate a user's liking of a specific product. The recommendation system mainly suggests a list of recommendations in an industry, using one of two methods: collaborative filtering or content-based filtering. In this paper, we propose an intelligent recommender system that aims to facilitate the process of academic advising. Our framework is built on a combination of association rules mining and a content-based filtering approach. Apriori algorithm (a well-known algorithm for mining frequent product sets and relevant association rule) is used to extract association rules, depending on the assumption that the space is (student x course), where number of students is greater than 100 and the number courses is less than 55 courses. The extracted rules are used as inference rules to present semantic knowledge to the results, where accuracy is improved. A list of recommended courses is offered after using Jaccard similarity coefficient to measure the similarity between courses.",2022,2022 9th International Conference on Electrical and Electronics Engineering (ICEEE),https://www.semanticscholar.org/paper/47af3828c6470e667d9b38d9c615c556e7413d1b,collaborator_recommendation
bfae171a5f0715e5e7594934145435095393e3b6,Tutorial on Recommendation with Generative Models (Gen-RecSys),"This intermediate-level tutorial, titled ""Gen-RecSys"", merges both industrial and academic perspectives on recent advances in Generative AI for recommender systems (beyond LLMs). It aims to highlight the transformative role of generative models in modern recommender systems, which have significantly impacted the AI field-particularly with the rise of large language models (LLMs) like ChatGPT-and have contributed to a rapid convergence of the fields of search, data mining, and recommendation. By providing attendees with a modern perspective on GenAI applications in recommendation, the tutorial will emphasize how generative models can drive recommendation by unlocking and interacting with rich data representations, including behavioral, textual, and multi-modal data-knowledge highly transferable across many applications of interest to the WSDM community. Participants will learn about the categorization of generative models in recommender systems based on underlying data modalities: (i) ID-based collaborative models, (ii) text-driven models such as LLMs, and (iii) multi-modal models. Within each category, various deep generative model paradigms (e.g., AR, GAN, diffusion models) will be introduced, along with insights into their application areas. The tutorial will also cover evaluation aspects, including benchmarks, metrics, and assessments of social and ethical impacts and harms. This tutorial presents a condensed version of the industrial and academic work featured in the fort",2025,Web Search and Data Mining,https://www.semanticscholar.org/paper/bfae171a5f0715e5e7594934145435095393e3b6,collaborator_recommendation
6139a0e89a33387f61dcb71a137fbf284cf98014,Time-aware Neural Collaborative Filtering with Multi-dimensional Features on Academic Paper Recommendation,"In modern academic social network, it is very difficult for scholars to find academic papers consistent with their research direction. Time is a critical factor in paper recommendation. As time goes on, the impact of an academic paper would gradually fade. Likewise, the research interests of users may also change. Therefore, we propose a temporal perceptual neural collaborative filtering model that integrates the multi-dimensional features of papers. We conducted our experiments on the dataset from CiteULike, comparing the recommended results by using four time-decay functions and evaluating our model with multiple evaluation indicators. The satisfactory results show that our model is effective in filtering out the expired papers by considering the characteristics of papers and the changes of scholars' interests.",2021,International Conference on Computer Supported Cooperative Work in Design,https://www.semanticscholar.org/paper/6139a0e89a33387f61dcb71a137fbf284cf98014,collaborator_recommendation
5cb19a1e0e64ecbf487385511bf6431dec0d27f3,A Pattern-Based Academic Reviewer Recommendation Combining Author-Paper and Diversity Metrics,"With the rapid increase of publishable research articles and manuscripts, the pressure to find reviewers often overwhelms the journal editors. This paper incorporates the major entity level metrics found in the heterogeneous publication networks into a pattern mining process in order to recommend academic reviewers and potential research collaborators. In essence, the paper integrates authors’ h-index and papers’ citation count and proposes a quantification to account for the author diversity into one formula duped impact to measure the real influence of a scientific paper. Thereafter, this paper formulates two kinds of target patterns and mines them harnessing the high-utility itemset mining (HUIM) framework. The first pattern, researcher-general topic patterns (RGP), is a pattern that includes only researchers; whereas, the researcher-specific topic patterns (RSP) is comprised of combinations of researchers and keywords that summarize their niche of expertise. The HUI algorithms of Two Phase, IHUP, UP-Growth, FHM, FHN, HUINIV-Mine, D2HUP, and EFIM were compared on two real-world citation datasets related to Deep Learning and HUIM, in addition to the open source mushroom dataset. The EFIM algorithm showed good performance in terms of run time and memory usage. Consequently, it was then used to mine the patterns within the proposed framework. The discovered patterns of RGP and RSP showed high coverage, proving the efficiency of the proposed framework.",2019,IEEE Access,https://www.semanticscholar.org/paper/5cb19a1e0e64ecbf487385511bf6431dec0d27f3,collaborator_recommendation
e56b12a6847aae02109277883f61faff96b0b7ec,Scholar-Friend Recommendation in Online Academic Communities: Approach based on Heterogeneous Network,"Abstract As a particular type of social networking site, online academic communities have revolutionized the way researchers collaborate and communicate with each other. Accompanying the growth in the number of users registered on online academic communities, the information overload problem presents a great challenge for researchers trying to find relevant and reliable friends there. Different from friends in conventional social networking sites, friends in online academic communities are denoted as scholar-friends in this research. Scholar-friend recommendation in online academic communities involves different entities (e.g., researchers, research articles, affiliations, research interests, and status updates) and various relationships among entities (e.g., scholar-friend relationship of researchers, post relationship between researchers and status updates, and writing relationship between researchers and papers), which constitute a complex heterogeneous network. By leveraging the entity and relationship data in online academic communities, this research proposes a heterogeneous network-based approach to recommending scholar-friends where information gain is used to identify valuable meta paths and a regularization-based optimization is employed to make personalized recommendations for each individual researcher. Experimental results based on historical data and user experiments demonstrate that the proposed approach can achieve better performance compared to some baseline ",2018,International Conference on Interaction Sciences,https://www.semanticscholar.org/paper/e56b12a6847aae02109277883f61faff96b0b7ec,collaborator_recommendation
9cabbae14b4815cd6a78c33ddcbc436954c4e7de,Survey of Intelligent Recommendation of Academic Information in University Libraries Based on Situational Perception Method,"Based on the context-aware environment, in this paper, the adaptive interest models are reviewed. And the academic information intelligent recommendation systems of university libraries are presented based on the situational awareness-related theory method, where the current situation and trend of situational awareness-related theory and service of intelligent recommendation systems are investigated. Meanwhile, the potential research directions, basic ideas and methods are also presented. The adaptive model and architecture of the academic information recommendation system are built based on situational awareness, and the collaborative filtering information recommendation algorithm is studied based on spatial-temporal similarity relationship to obtain the interest of scientific and technological scholars. Combining with the adaptive interest model, an academic information demand model is established. On this basis, the prototype system of academic information recommendation is further studied to realize personalized recommendation of academic information based on the situational perception. This paper will provide effective solutions to the digital resources service of university libraries and the academic information recommendation needs of scientific and technological scholars.",2020,Journal of Education and Learning,https://www.semanticscholar.org/paper/9cabbae14b4815cd6a78c33ddcbc436954c4e7de,collaborator_recommendation
bafbdc958f67774ef04c3102d6ca876ee4b117b2,A social recommendation system for academic collaboration in undergraduate research,"Academic collaboration plays an important role in undergraduate research. Current methods rely on offline social contacts for undergraduate students to collaborate with academic staff members in universities and research institutions. In big data era, it is difficult for undergraduate students to find suitable research project opportunities and supervisors to work with. This paper proposes a social recommendation system for undergraduate students to find research project opportunities and work with research project teams on an academic collaboration network. The proposed recommendation method integrates relevance, connectivity, and quality modules, where profiles of undergraduates are constructed with their self‐claimed information, research activities (e.g., studying and reading research publications and reading research projects), and social connections in the academic collaboration network. Suitable research projects are recommended based on the undergraduates' profiles. Experiments are conducted, and the results have shown that the proposed social recommendation system can facilitate undergraduates' selection of research projects.",2018,Expert Syst. J. Knowl. Eng.,https://www.semanticscholar.org/paper/bafbdc958f67774ef04c3102d6ca876ee4b117b2,collaborator_recommendation
312a4c7f7c163b4146164ed7edfc538091f5a597,Research for Personalized Learning Reasource Recommendation Model based on Academic Emotions,"the separation of teachers and students in the online learning environment makes learners' academic emotions more prone to fluctuations. Usually the learners cannot get effectively assistance. This study monitors, mines and processes the learner's behavioral data from the two dimensions of concentration and interest, and constructs the learner's academic emotion model. This paper uses collaborative filtering recommendation algorithm to construct a recommendation model based on academic emotions. Learning resources is recommended to learners to help learners adjust their emotions and maintain positive academic emotions.",2019,2019 IEEE International Conference on Computer Science and Educational Informatization (CSEI),https://www.semanticscholar.org/paper/312a4c7f7c163b4146164ed7edfc538091f5a597,collaborator_recommendation
92383186896b23db35c5109f623b8ce0eaf93d4c,An AI-Based Classification and Recommendation System for Digital Libraries,"The immense volume of online content linked to digital libraries has given emergence to the advancement of screening and recommendation systems. A recommendation system is vitally important in both academic institutions and elibraries to assist professors, instructors, students, and researchers in finding appropriate sources of information. Distributed or collaborative screening is the most common method used in current recommendation systems. However, collaborative approaches cannot promote library repositories, including unrated or unpurchased electronic information. Thus, this paper deals with the automated classification and recommendation of a multiclass corpus found in virtual repositories (cloud databases). In various stages, Neuro-Fuzzy (NF) and Support Vector Machine (SVM) techniques are used as the base classifiers for the categorization of the essential subjects (contents). Later, a high-level ensemble learning strategy is utilized to recommend appropriate subjects from the available multiclass corpus. The methods use a CoC (Coherence of Content)-based inference mechanism to extract and filter the critical components before beginning the recommendation process. Experiments demonstrated that a recommended approach based on detailed conceptual descriptions instead of a handful of phrases/words might help academic and research communities to find relevant sources. Observing the results over a period of months shows that the suggested method increases user comfort, pro",2024,Scalable Computing : Practice and Experience,https://www.semanticscholar.org/paper/92383186896b23db35c5109f623b8ce0eaf93d4c,collaborator_recommendation
9737976f13a43bb0a2948d3c0b0da40375daac7d,A Personalized Explainable Learner Implicit Friend Recommendation Method,"With the rapid development of social networks, academic social networks have attracted increasing attention. In particular, providing personalized recommendations for learners considering data sparseness and cold-start scenarios is a challenging task. An important research topic is to accurately discover potential friends of learners to build implicit learning groups and obtain personalized collaborative recommendations of similar learners according to the learning content. This paper proposes a personalized explainable learner implicit friend recommendation method (PELIRM). Methodologically, PELIRM utilizes the learner's multidimensional interaction behavior in social networks to calculate the degrees of trust between learners and applies the three-degree influence theory to mine the implicit friends of learners. The similarity of research interests between learners is calculated by cosine and term frequency–inverse document frequency. To solve the recommendation problem for cold-start learners, the learner's common check-in IP is used to obtain the learner's location information. Finally, the degree of trust, similarity of research interests, and geographic distance between learners are combined as ranking indicators to recommend potential friends for learners and give multiple interpretations of the recommendation results. By verifying and evaluating the proposed method on real data from Scholar.com, the experimental results show that the proposed method is reliable and ef",2023,Data Science and Engineering,https://www.semanticscholar.org/paper/9737976f13a43bb0a2948d3c0b0da40375daac7d,collaborator_recommendation
8b8711574ade2c0a0eaaf1393da5ae0e2c43f578,A Survey on Recommendation System for Future Researchers Using Classifiers,"Recommendation system has revolutionized how users and websites communicate, becoming more and more vital. There are numerous uses for recommender systems in a variety of industries, including the economics, education, and science. The amount of digital information is growing swiftly due to the quick growth of information technology. Using big data analysis techniques, researchers use search engines like Google and Bing to find and filter material such as movies, music, and articles. To assist these academics, digital libraries like PubMed, DBLP, and arXiv offer sophisticated search interfaces; however, users must initiate the search process themselves. Therefore, taking into account the general trends of communities and specific interests, a tool is very helpful to actively discover and recommend the most intriguing research articles. The problem of locating the most relevant research publications for a specific academic is looked into. Existing solutions are unable to adequately address the suggestions of new publications since there is a dearth of previous data. As a result, this study on recommendation algorithms include algorithms for collaborative filtering. Additionally, a hybrid recommendation algorithm is created to incorporate real-time smileys, ratings, reviews, and temporal considerations.",2023,International Congress on Information and Communication Technology,https://www.semanticscholar.org/paper/8b8711574ade2c0a0eaaf1393da5ae0e2c43f578,collaborator_recommendation
7b776874b0e67367087cc53d15c41fd24166afd3,Performance Evaluation of Movie-based Recommendation Systems using Hybrid Machine Learning Models,"The recommendation systems are used in different sectors to offer tailored services for users. The major applications of these systems are in the entertainment sector, where the movie-based recommendation systems can suggest movie recommendations personalized to users based on their feedback or search history. The research study mainly focusses on evaluating the performance of recommendation models including content filtering and collaborative filtering methods like KNN model, SVD, Boost and the hybrid models that combine these approaches. Also, the study assesses the Matrix Factorization Technique as it ensures the robustness. The study compares the accuracy, efficiency, and robustness of each model using Netflix dataset and evaluation metrics designed specifically for movie-based recommendation systems, The result outcome shows that the hybrid models outperform in terms of accuracy and efficiency, and that the Matrix Factorization Technique is particularly robust. The results help academics and practitioners for their use case by illuminating the advantages and disadvantages of each model in the context of movie-based recommendation systems.",2024,2024 5th International Conference on Mobile Computing and Sustainable Informatics (ICMCSI),https://www.semanticscholar.org/paper/7b776874b0e67367087cc53d15c41fd24166afd3,collaborator_recommendation
2ff69e12728274d57a7a2250bb83d415cee2413e,A Personalization-Oriented Academic Literature Recommendation Method,"As the number of digital academic items increases dramatically, it is more and more difficult for a student or researcher to find the expected references in a large academic literature database. Although collaborative filtering and content-based recommendation approaches perform well in some applications, they do not produce satisfactory recommendations for academic items because they fail to reflect researchers’ unique characteristics in terms of authority, popularity, recentness, etc. In this paper, we propose two novel data structures, ALVector, which expresses various objective attributes of an article, and AUVector, which expresses users’ subjective weights for different attributes. Then, we propose a novel personalization-oriented recommendation method that utilizes both the content and non-content attributes in ALVector and AUVector for making recommendations. In order to make the overall best recommendation, the VIKOR algorithm is used with a personalization-oriented method to achieve a compromise solution. A real-world literature data set is used in the experiments. The experimental results show that our method better meets the user’s preference in multiple dimensions simultaneously.",2015,Data Science Journal,https://www.semanticscholar.org/paper/2ff69e12728274d57a7a2250bb83d415cee2413e,collaborator_recommendation
e904a99bb9e36c808ba421c6cb48a1fa4927bb3d,Integrating Building Information Modelling into Construction Project Management Education in Australia: A Comprehensive Review of Industry Needs and Academic Gaps,"Integrating Building Information Modelling (BIM) into Construction Project Management (CPM) curricula is crucial for preparing industry-ready professionals with the digital competencies needed in the rapidly evolving, technology-driven construction sector. This systematic literature review evaluated gaps and challenges in BIM education within CPM courses, including limited faculty training, inconsistent curricula, and insufficient hands-on, interdisciplinary collaboration opportunities for students. These deficiencies hinder consistent BIM competency development among graduates, resulting in disparities in skill levels and readiness for industry demands. This study identified essential digital management skills and BIM competencies required for effective industry practice by examining global academic research. The findings revealed that despite advancing BIM adoption, significant gaps persist in its teaching, particularly the lack of collaborative education within project management disciplines, and need for enhanced collaboration between academia and the industry to bridge the skills gap. Industry professionals and academics emphasise the deficit in BIM knowledge among project management graduates and advocate for a cohesive educational framework aligning with industry requirements, emphasising hands-on experience and interdisciplinary collaboration. This study highlighted significant gaps and opportunities for integrating Building Information Modelling (BIM) into Constructi",2025,Buildings,https://www.semanticscholar.org/paper/e904a99bb9e36c808ba421c6cb48a1fa4927bb3d,collaborator_recommendation
0e4e48c9a0ccbcbd97007a83d87dcf5e93ae7bb1,ChatGPT in Doctoral Supervision: Proposing a Tripartite Mentoring Model for AI-Assisted Academic Guidance,"Aim/Purpose: The potential of Generative AI in education is expanding, yet its role in PhD mentoring and academic guidance remains underexplored. This study evaluates how ChatGPT-generated recommendations can support PhD research, particularly in fostering sustainable and resource-efficient doctoral education.

Background: This study examines the ability of ChatGPT to provide structured guidance and actionable insights in PhD supervision. Using a real-world case study on disaster risk management, the research evaluates AI-generated recommendations across different prompt structures to determine their relevance, depth, and applicability to doctoral research. 

Methodology: A structured evaluation was conducted using input prompts with varying contextual details, including naive prompts, supervisor-selected keywords, ChatGPT-generated keywords, and topic-specific concepts. Five external academic experts assessed the AI-generated outputs for appropriateness, interrater agreement, and research alignment.

Contribution: The study demonstrates that ChatGPT can enhance PhD supervision by providing structured academic recommendations, reducing administrative burdens on supervisors, and contributing to the evolution of a “tripartite mentoring model” where AI, supervisors, and students collaborate to tackle complex research challenges.

Findings: AI-generated recommendations were most effective when structured around topic-specific concepts. Naive prompts also yielded relevant outputs,",2025,International Journal of Doctoral Studies,https://www.semanticscholar.org/paper/0e4e48c9a0ccbcbd97007a83d87dcf5e93ae7bb1,collaborator_recommendation
675db494049b531a1acdcc683202e7fde43aa403,Helping university students to choose elective courses by using a hybrid multi-criteria recommendation system with genetic optimization,"Abstract The wide availability of specific courses together with the flexibility of academic plans in university studies reveal the importance of Recommendation Systems (RSs) in this area. These systems appear as tools that help students to choose courses that suit to their personal interests and their academic performance. This paper presents a hybrid RS that combines Collaborative Filtering (CF) and Content-based Filtering (CBF) using multiple criteria related both to student and course information to recommend the most suitable courses to the students. A Genetic Algorithm (GA) has been developed to automatically discover the optimal RS configuration which include both the most relevant criteria and the configuration of the rest of parameters. The experimental study has used real information of Computer Science Degree of University of Cordoba (Spain) including information gathered from students during three academic years, counting on 2500 entries of 95 students and 63 courses. Experimental results show a study of the most relevant criteria for the course recommendation, the importance of using a hybrid model that combines both student information and course information to increase the reliability of the recommendations as well as an excellent performance compared to previous models.",2020,Knowledge-Based Systems,https://www.semanticscholar.org/paper/675db494049b531a1acdcc683202e7fde43aa403,collaborator_recommendation
8fad1c5a4c8a304020dacc4cdb9939827471f683,Exploring Overreliance on AI Tools in English for Specific Purposes Courses: Challenges and Implications for Learning and Academic Integrity,"The growing integration of artificial intelligence (AI) tools in education has generated considerable interest in their potential effects on students’ learning outcomes, especially within the context of English for Specific Purposes (ESP) courses. This study explores how ESP teachers perceive and manage the impact of AI tools on student learning, particularly in writing, vocabulary development, reading comprehension, and problem-solving. The study focuses on the following primary research question: How do teachers perceive and navigate the impact of the tools on student learning outcomes and academic integrity in ESP courses? The research study employed a qualitative approach to investigate the impact of tools on English teaching and learning. The data collection involved 16 ESP university teachers from three faculties. A structured questionnaire was developed based on a comprehensive review of relevant literature with three main dimensions: (1) academic integrity concerns, (2) overreliance on AI that hinders learning outcomes, and (3) challenges of integrating AI into ESP teaching and learning. The study findings reveal that students’ overreliance on artificial intelligence tools negatively affects language skill development, engagement, academic integrity, contextual understanding, and collaborative learning. One of the primary recommendations was to determine the specific boundaries for using AI, and to view AI as an academic aid, not a replacement.",2025,Arab World English Journal,https://www.semanticscholar.org/paper/8fad1c5a4c8a304020dacc4cdb9939827471f683,collaborator_recommendation
dc9b49b89d9fe0e8163f0dac9819316a3bfec78a,Neural News Recommendation with Collaborative News Encoding and Structural User Encoding,"Automatic news recommendation has gained much attention from the academic community and industry. Recent studies reveal that the key to this task lies within the effective representation learning of both news and users. Existing works typically encode news title and content separately while neglecting their semantic interaction, which is inadequate for news text comprehension. Besides, previous models encode user browsing history without leveraging the structural correlation of user browsed news to reflect user interests explicitly. In this work, we propose a news recommendation framework consisting of collaborative news encoding (CNE) and structural user encoding (SUE) to enhance news and user representation learning. CNE equipped with bidirectional LSTMs encodes news title and content collaboratively with cross-selection and cross-attention modules to learn semantic-interactive news representations. SUE utilizes graph convolutional networks to extract cluster-structural features of user history, followed by intra-cluster and inter-cluster attention modules to learn hierarchical user interest representations. Experiment results on the MIND dataset validate the effectiveness of our model to improve the performance of news recommendation. Our code is released at https://github.com/Veason-silverbullet/NNR.",2021,Conference on Empirical Methods in Natural Language Processing,https://www.semanticscholar.org/paper/dc9b49b89d9fe0e8163f0dac9819316a3bfec78a,collaborator_recommendation
41a87f9d45ee0b1a01eb8ff7f45f207092fecee1,Addressing the Shortage of Academic Nurse Educators,"OBJECTIVES This study examined how healthcare organization (HCO) leaders can impact the shortage of academic nurse educators (ANEs). A 2nd aim was to explore how HCOs, nurse leaders, and academic nursing programs can effectively collaborate to address the lack of ANEs. BACKGROUND The numbers of nursing school admissions and, thus, future nursing graduates are directly affected by the lack of qualified ANEs. METHODS A consortium of diverse ANEs was formed to research these questions using the nominal group technique. RESULTS Two central themes emerged from the consortium: support and collaboration. Recommendations are presented including a call for action for leaders of HCOs and academic nursing programs. CONCLUSION Findings of this research suggest that nurse leaders of HCOs and nursing programs develop solutions guided by these identified themes among other targeted interventions.",2025,Journal of Nursing Administration,https://www.semanticscholar.org/paper/41a87f9d45ee0b1a01eb8ff7f45f207092fecee1,collaborator_recommendation
77a1702624e36b78d04414cde9cd73d299e8c174,Personalized Academic Research Paper Recommendation System,"A huge number of academic papers are coming out from a lot of conferences and journals these days. In these circumstances, most researchers rely on key-based search or browsing through proceedings of top conferences and journals to find their related work. To ease this difficulty, we propose a Personalized Academic Research Paper Recommendation System, which recommends related articles, for each researcher, that may be interesting to her/him. In this paper, we first introduce our web crawler to retrieve research papers from the web. Then, we define similarity between two research papers based on the text similarity between them. Finally, we propose our recommender system developed using collaborative filtering methods. Our evaluation results demonstrate that our system recommends good quality research papers.",2013,arXiv.org,https://www.semanticscholar.org/paper/77a1702624e36b78d04414cde9cd73d299e8c174,collaborator_recommendation
b0a439f7de7d72b28271a73bf4bff17c6647ffb6,"SDG 4, Academic Integrity and Artificial Intelligence: Clash or Win-Win Cooperation?","This article investigates the relationship between Sustainable Development Goal 4 (SDG 4), academic integrity as its part, and artificial intelligence (AI) through a bibliometric analysis, assessing whether this intersection represents a clash or win-win cooperation. SDG 4 aims to ensure equitable access to quality education, while AI technologies have the potential to enhance educational practices but demote academic integrity. By analyzing a comprehensive body of the literature, this study identifies key trends and thematic areas where AI is applied in educational settings, particularly concerning maintaining academic integrity. The findings reveal a growing body of research highlighting AI’s role in personalizing learning experiences, improving educational accessibility, and supporting educators’ teaching methodologies. However, challenges such as ethical considerations, data privacy, and the digital divide are also addressed, indicating potential conflicts that need to be navigated. Ultimately, this analysis suggests that while there are significant opportunities for synergy between AI and SDG 4, the management of careful implementation and policy frameworks is essential to ensure that AI serves as a tool for promoting inclusive and sustainable education rather than exacerbating existing inequalities. AI transforms science management by enhancing data analysis, streamlining research processes, and improving decision-making, ultimately leading to more efficient and effecti",2024,Sustainability,https://www.semanticscholar.org/paper/b0a439f7de7d72b28271a73bf4bff17c6647ffb6,collaborator_recommendation
0e20afd95effe2893c3843dd3665af95d1eaa0ac,What Are We REALLY Looking for in a Letter of Recommendation?,"OBJECTIVES
The letter of recommendation (LOR) is an important component of a residency application. There is great subjectivity in the interpretation of a letter writer's narrative and many residencies have moved toward standardized LORs (sLOR). We aimed to scrutinize the importance afforded to specific content and applicant attributes in an LOR in hopes of decoding this time-honored process.


DESIGN
A 35-question survey comprised of nonidentifying general questions, and participant evaluation of applicant characteristics and LOR phrases were administered (cross-sectional design). Evaluations were scored both objectively on a 10-point Likert scale and subjectively using a relative ranking.


SETTING
Academic, tertiary care center with a large general surgery residency program (Mayo Clinic, Rochester, MN).


PARTICIPANTS
Surgery attendings and general surgery residents (n = 122).


RESULTS
Seventy-two attendings and 50 general surgery residents completed the survey. Faculty ranked strong work ethic/hard working (median rank = 1) and inquisitive/hungry learner (median rank = 3) as the top 2 attributes. ""We will plan to recruit this candidate"" (median rank = 1.5) and ""I give my highest recommendation"" (median rank = 2) were the top 2 phrases. Residents valued strong work ethic and collaborative/team player as the top 2 applicant attributes. Seventy-three percent of attendings and 82% of residents agreed that LOR allows the applicant pool to be divided into upper and lower halve",2019,Journal of Surgical Education,https://www.semanticscholar.org/paper/0e20afd95effe2893c3843dd3665af95d1eaa0ac,collaborator_recommendation
8ab4d364ed675c2a4f74310f19a06eca3f353d93,"Challenges, Benefits and Recommendations for Using Generative Artificial Intelligence in Academic Writing - A Case of ChatGPT","The advent of ChatGPT and other generative artificial intelligence (GAI) tools has sparked significant discourse in academic writing, raising both opportunities and challenges. This study examines the impact of ChatGPT on academic writing, particularly in higher education, with a focus on South Africa but extending a global perspective. The primary concerns revolve around the accuracy of AI-generated content and ethical issues like plagiarism, which threaten academic integrity. The problem statement identifies the core issue as the ethical and effective integration of ChatGPT in academic writing, affecting students, faculty, and researchers who utilize these tools. The purpose of this research is to critically analyze the challenges and benefits of using ChatGPT in academic writing and to develop recommendations for its ethical and effective use. Utilizing a systematic review methodology with a mapping review design, the study synthesizes literature from 22 countries, providing a broad understanding of the global perspective on GAI tools in academia. The findings reveal that while ChatGPT can significantly enhance productivity, improve language support for non-native English speakers, and provide immediate feedback, it also poses risks related to plagiarism, accuracy, and over-reliance on AI. Ethical concerns are paramount, with the need for transparent disclosure of AI use, proper attribution, and policies to prevent misuse. To address these issues, the study proposes the OT",2024,Medicon Engineering Themes,https://www.semanticscholar.org/paper/8ab4d364ed675c2a4f74310f19a06eca3f353d93,collaborator_recommendation
01cd0e1979e79a64281628a71d4a0891757a5b5e,Leveraging artificial intelligence for sustainable knowledge organisation in academic libraries,"This study explored the role of artificial intelligence (AI) in enhancing knowledge organisational practices within academic libraries, focusing on promoting sustainability in information management. The research investigated the potential of AI-driven tools and technologies to optimise resource utilisation, improve user experiences and contribute to environmentally conscious library practices. A literature review and case studies of AI implementation in academic libraries was done. The study analysed existing AI applications for knowledge organisation, evaluated their impact on sustainability metrics and gathered practitioners’ insights regarding challenges, opportunities, and best practices. The research findings revealed that AI offers significant benefits for sustainable knowledge organisation in academic libraries. AI-driven automation streamlines cataloguing processes, enhances metadata enrichment, and enables personalised information services, leading to resource efficiency gains and improved user satisfaction. Ethical considerations regarding data privacy, algorithmic transparency and user empowerment are addressed, emphasising the importance of responsible AI governance. The study concludes that AI can potentially revolutionise knowledge organisation practices in academic libraries, aligning with sustainable development goals. By leveraging AI technologies responsibly, libraries can optimise information workflows, promote digital literacy, and contribute to a more in",2024,South African Journal of Library and Information Science,https://www.semanticscholar.org/paper/01cd0e1979e79a64281628a71d4a0891757a5b5e,collaborator_recommendation
d2dc97c7e7c185946335a5539cb02df895f4194a,Personalized scientific and technological literature resources recommendation based on deep learning,"To enable a quick and accurate access of targeted scientific and technological literature from massive stocks, here a deep content-based collaborative filtering method, namely DeepCCF, for personalized scientific and technological literature resources recommendation was proposed. By combining content-based filtering (CBF) and neural network-based collaborative filtering (NCF), the approach transforms the problem of scientific and technological literature recommendation into a binary classification task. Firstly, the word2vec is used to train the words embedding of the papers’ titles and abstracts. Secondly, an academic literature topic model is built using term frequency–inverse document frequency (TF-IDF) and word embedding. Thirdly, the search and view history and published papers of researchers are utilized to construct the model that portrays the interests of researchers. Deep neural networks (DNNs) are then used to learn the nonlinear and complicated high-order interaction features between users and papers, and the top k recommendation list is generated by predicting the outputs of the model. The experimental results show that our proposed method can quickly and accurately capture the latent relations between the interests of researchers and the topics of paper, and be able to acquire the researchers’ preferences effectively as well. The proposed method has tremendous implications in personalized academic paper recommendation, to propel technological progress.",2021,Journal of Intelligent & Fuzzy Systems,https://www.semanticscholar.org/paper/d2dc97c7e7c185946335a5539cb02df895f4194a,collaborator_recommendation
c8c73dbc7c1db19b32b54843aa9adfc8fb897db6,Recommendation for Key-Derivation Methods in Key-Establishment Schemes,"promotes the U.S. economy and public welfare by providing technical leadership for the Nation’s measurement and standards infrastructure. ITL develops tests, test methods, reference data, proof of concept implementations, and technical analyses to advance the development and productive use of information technology. ITL’s responsibilities include the development of management, administrative, technical, and physical standards and guidelines for the cost-effective security and privacy of other than national security-related information in federal information systems. The Special Publication 800-series reports on ITL’s research, guidelines, and outreach efforts in information system security, and its collaborative activities with industry, government, and academic organizations. Abstract This Recommendation specifies techniques for the derivation of keying material from a shared secret established during a key-establishment scheme defined in NIST Special Publications 800-56A or 800-56B.",2018,,https://www.semanticscholar.org/paper/c8c73dbc7c1db19b32b54843aa9adfc8fb897db6,collaborator_recommendation
8c156e9dfbeb98efa8a3292cb20cf9e007969557,Improvement of Collaborative Filtering Recommendation Algorithm Based on Intuitionistic Fuzzy Reasoning Under Missing Data,"Commodity recommendation plays an essential role in the marketing field in the Internet era, and collaborative filtering, as a powerful technique of commodity recommendation, has been widely concerned in both academic studies and practical applications. Existing research on collaborative filtering often uses methods such as genetic algorithm and neural network to solve the sparsity and cold start problems while ignoring the fuzziness of users’ ratings on goods or services. To solve the problems, we propose a recommendation algorithm (IFR-CF) based on intuitionistic fuzzy reasoning and collaborative filtering. In this algorithm, the characteristic coefficient in intuitionistic fuzzy reasoning is used to replace the traditional similarity coefficient to determine neighbor set, and the finite prior ordering method is used to replace traditional algorithm to recommend commodity. Two groups of data are extracted from Movielens and Jester datasets for experiments, and the MAE value generated by the recommended items is taken as the metric to verify the algorithm performance. Experimental results show that compared with the traditional algorithms, our algorithm achieves lower MAE value and higher recommendation accuracy. Meanwhile, the intuitionistic index of fuzzy set is taken into account in the calculation of the hesitation coefficient, which provides a novel solution to the problem of missing scoring data of users.",2020,IEEE Access,https://www.semanticscholar.org/paper/8c156e9dfbeb98efa8a3292cb20cf9e007969557,collaborator_recommendation
2819986a5d625d6be6a7d10100c9cfe65be0c162,The global landscape of academic guidelines for generative AI and Large Language Models,"The integration of Generative Artificial Intelligence (GAI) and Large Language Models (LLMs) in academia has spurred a global discourse on their potential pedagogical benefits and ethical considerations. Positive reactions highlight some potential, such as collaborative creativity, increased access to education, and empowerment of trainers and trainees. However, negative reactions raise concerns about ethical complexities, balancing innovation and academic integrity, unequal access, and misinformation risks. Through a systematic survey and text-mining-based analysis of global and national directives, insights from independent research, and eighty university-level guidelines, this study provides a nuanced understanding of the opportunities and challenges posed by GAI and LLMs in education. It emphasizes the importance of balanced approaches that harness the benefits of these technologies while addressing ethical considerations and ensuring equitable access and educational outcomes. The paper concludes with recommendations for fostering responsible innovation and ethical practices to guide the integration of GAI and LLMs in academia.",2024,arXiv.org,https://www.semanticscholar.org/paper/2819986a5d625d6be6a7d10100c9cfe65be0c162,collaborator_recommendation
b970ed7e79d7a87d7957b13b75cff8f7d4da98ee,Exploring the Impact of Digital Competence and Technology Acceptance on Academic Performance in Physical Education and Sports Science Students,"Aim/Purpose: This study aims to examine the influence of digital competences, technology acceptance, and individual factors (gender and educational level) on academic achievement in Physical Education and Sports Science (PESS).

Background: Prior research has established a positive correlation between digital competences and performance, but the mediating role of technology acceptance remains unclear. Furthermore, there is no evidence in the literature about this relationship among students pursuing degrees in PESS.

Methodology: A survey was administered to 344 students pursuing degrees in PESS. The Students’ Digital Competence Scale (SDiCoS) measured digital competences, while the Technology Acceptance Model (TAM) assessed technology acceptance. Academic performance was evaluated based on students’ GPAs.

Contribution: This paper investigated the role of digital competence within the TAM framework and its influence on academic performance. We propose that digital competence variables positively impact students’ intention to use digital tools for learning. This aligns with TAM principles, where intention and attitude toward technology predict its actual use. Our findings further strengthen the understanding of TAM by confirming strong connections between perceived ease of use, perceived usefulness, and attitude toward technology. Additionally, the study suggests that digital competence and frequent device usage patterns might be more prevalent in postgraduate education. 

Fi",2024,J. Inf. Technol. Educ. Res.,https://www.semanticscholar.org/paper/b970ed7e79d7a87d7957b13b75cff8f7d4da98ee,collaborator_recommendation
8ea8053656676e24367e4bd4056b749b511f8c85,The Emerging Imperative for a Consensus Approach Toward the Rating and Clinical Recommendation of Mental Health Apps,"Abstract With over 10,000 mental health– and psychiatry-related smartphone apps available today and expanding, there is a need for reliable and valid evaluation of these digital tools. However, the updating and nonstatic nature of smartphone apps, expanding privacy concerns, varying degrees of usability, and evolving interoperability standards, among other factors, present serious challenges for app evaluation. In this article, we provide a narrative review of various schemes toward app evaluations, including commercial app store metrics, government initiatives, patient-centric approaches, point-based scoring, academic platforms, and expert review systems. We demonstrate that these different approaches toward app evaluation each offer unique benefits but often do not agree to each other and produce varied conclusions as to which apps are useful or not. Although there are no simple solutions, we briefly introduce a new initiative that aims to unify the current controversies in app elevation called CHART (Collaborative Health App Rating Teams), which will be further discussed in a second article in this series.",2018,Journal of Nervous and Mental Disease,https://www.semanticscholar.org/paper/8ea8053656676e24367e4bd4056b749b511f8c85,collaborator_recommendation
e88af37dcc47e8564cb63fa30175e59de03cbf00,Exploring the Impact of Collaborative Learning on Student Motivation and Academic Achievement in Higher Education,"Collaborative learning has emerged as an effective educational strategy that fosters student interaction and enhances learning outcomes. This paper examines how collaborative learning approaches, such as group projects, peer feedback, and cooperative tasks, influence student motivation and academic performance in higher education. The study reviews key theories and empirical evidence supporting the positive impact of collaborative learning on student engagement and achievement. It also highlights the challenges of implementing collaborative learning in diverse academic environments, such as issues related to group dynamics and individual accountability. The paper concludes by offering practical recommendations for educators seeking to integrate collaborative learning methods into their teaching practices to improve student outcomes.",2024,"Journal of Education, Humanities, and Social Research",https://www.semanticscholar.org/paper/e88af37dcc47e8564cb63fa30175e59de03cbf00,collaborator_recommendation
98447d027a8328cad31e38d39a910349c6688cd4,A teamwork framework for preventing breaches of academic integrity and improving students’ collaborative skills in the AI era,"Generative artificial intelligence (AI) tools have become a major challenge in the education sector in terms of the way that students use and manage them. This study examines the development, implementation, and evaluation of a teamwork framework by using academic integrity standards and formative feedback to minimise the use of generative AI tools in the Business Project Management (BPM) unit and promote students' learning skills through teamwork and self/peer evaluation. This teamwork assessment was designed to transform students into independent learners by improving their cultural awareness, self-confidence, teamwork, communication, leadership, as well as personal and interpersonal skills. The study's objectives are to determine whether a teamwork framework can help to maintain academic integrity and transform BPM students into independent learners and leaders in the era of generative AI, and to determine whether lecturers' formative feedback enhances students' skills in teamwork assessment. This research comprises an empirical study of 408 local and international BPM students from different cultural backgrounds. A mixed-methods approach was used to collect data and achieve a broader perspective of the research topic. BPM students reported their satisfaction with this type of assessment since it helped them acquire skills such as intercultural effectiveness and teamwork. Following the implementation of the teamwork framework, the number of instances of academic misconduct",2024,Heliyon,https://www.semanticscholar.org/paper/98447d027a8328cad31e38d39a910349c6688cd4,collaborator_recommendation
b4d3ede93f66d783068567251f2e45fa089c0445,Undergraduate Medical Education Curriculum Reforms in Pakistan: A Mixed Methods Study of Academic Leadership Perspectives,"Abstract Purpose Periodic revision of undergraduate medical education (UGME) curricula is an essential part of evidence-based educational practices. Pakistan’s national UGME curriculum, last updated in 2005, was reviewed, and recommended updates were made in 2022. The authors explore academic medical school leaders’ perspectives about the proposed reforms, gaps within the existing curriculum, and how to ensure the reform implementation is effective, collaborative, and feedback-driven. Method Using a mixed methods approach, data were collected from April to July 2022. Academic leadership (principals, who could designate vice principals or medical educators) at all medical schools across Pakistan (n = 117) were invited. Agreement with each of 20 proposed reforms was measured via a survey employing a Likert scale. A semistructured interview guide expanded on the survey questions with probes. Results Eighty-eight survey responses, from private (59; 67.0%) and public (29; 33.0%) institutions, were obtained (75.2% response rate). Participants recommended most of the proposed reforms. The 3 reforms that received the highest agreement were teaching professionalism as an integral part of the curriculum (83; 94.3%), mandating bedside procedural skills training (80; 90.9%), and including patient safety in the UGME curriculum (79; 89.8%). Including multidisciplinary tumor boards and surgical oncology had the lowest agreement (26; 29.5%). Fifteen interviews were conducted, which revealed ",2024,Academic medicine : journal of the Association of American Medical Colleges,https://www.semanticscholar.org/paper/b4d3ede93f66d783068567251f2e45fa089c0445,collaborator_recommendation
712a9a411ea15df628bbd1da30565f728d4fbaca,Conceptual model of knowledge management system for scholarly publication cycle in academic institution,"Purpose
Study on knowledge-based systems for scientific publications is growing very broadly. However, most of these studies do not explicitly discuss the knowledge management (KM) component as knowledge management system (KMS) implementation. This background causes academic institutions to face challenges in developing KMS to support scholarly publication cycle (SPC). Therefore, this study aims to develop a new KMS conceptual model, Identify critical components and provide research gap opportunities for future KM studies on SPC.


Design/methodology/approach
This study used a systematic literature review (SLR) method with the procedure from Kitchenham et al. Then, the SLR results are compiled into a conceptual model design based on a framework on KM foundations and KM solutions. Finally, the model design was validated through interviews with related field experts.


Findings
The KMS for SPC focuses on the discovery, sharing and application of knowledge. The majority of KMS use recommendation systems technology with content-based filtering and collaborative filtering personalization approaches. The characteristics data used in KMS for SPC are structured and unstructured. Metadata and article abstracts are considered sufficiently representative of the entire article content to be used as a search tool and can provide recommendations. The KMS model for SPC has layers of KM infrastructure, processes, systems, strategies, outputs and outcomes.


Research limitations/implications
",2022,VINE Journal of Information and Knowledge Management Systems,https://www.semanticscholar.org/paper/712a9a411ea15df628bbd1da30565f728d4fbaca,collaborator_recommendation
3868b00a46601e83b7e278955de6487eb66511b7,UniNet: Next Term Course Recommendation using Deep Learning,"Course enrollment recommendation is a relevant task that helps university students decide what is the best combination of courses to enroll in the next term. In particular, recommender system techniques like matrix factorization and collaborative filtering have been developed to try to solve this problem. As these techniques fail to represent the time-dependent nature of academic performance datasets we propose a deep learning approach using recurrent neural networks that aims to better represent how chronological order of course grades affects the probability of success. We have shown that it is possible to obtain a performance of 81.109c on AUC metric using only grade information and that it is possible to develop a recommender system with academic student performance prediction. This is shown to be meaningful across different student GPA levels and course difficulties.",2020,International Conference on Advanced Computer Science and Information System,https://www.semanticscholar.org/paper/3868b00a46601e83b7e278955de6487eb66511b7,collaborator_recommendation
363982f8dbf21f029b6adeab1564fadb37c6fca7,A Hybrid Recommendation Method Integrating the Social Trust Network and Local Social Influence of Users,"Recommendation system plays an indispensable role in helping users make decisions in different application scenarios. The issue about how to improve the accuracy of a recommendation system has gained widespread concern in both academic and industry fields. To solve this problem, many models have been proposed, but most of them usually focus on a single perspective. Different from the existing work, we propose a hybrid recommendation method based on the users’ social trust network in this study. The proposed method has several advantages over conventional recommendation solutions. First, it offers a reliable two-step way of determining reference users by employing direct trust between users in the social trust network and setting a similarity threshold. Second, it improves the traditional collaborative filtering (CF) method based on a Pearson Correlation Coefficient (PCC) to reduce extreme values in prediction. Third, it introduces a personalized local social influence (LSI) factor into the improved CF method to further enhance the prediction accuracy. Seventy-one groups of random experiments based on the real dataset Epinions in social networks verify the proposed method. The experimental results demonstrate its feasibility, effectiveness, and accuracy in improving recommendation performance.",2020,Electronics,https://www.semanticscholar.org/paper/363982f8dbf21f029b6adeab1564fadb37c6fca7,collaborator_recommendation
bb5c2e2cb4abd175dc43e5606ded5c5dbdb840eb,Fairness in recommender systems: research landscape and future directions,"Recommender systems can strongly influence which information we see online, e.g., on social media, and thus impact our beliefs, decisions, and actions. At the same time, these systems can create substantial business value for different stakeholders. Given the growing potential impact of such AI-based systems on individuals, organizations, and society, questions of fairness have gained increased attention in recent years. However, research on fairness in recommender systems is still a developing area. In this survey, we first review the fundamental concepts and notions of fairness that were put forward in the area in the recent past. Afterward, through a review of more than 160 scholarly publications, we present an overview of how research in this field is currently operationalized, e.g., in terms of general research methodology, fairness measures, and algorithmic approaches. Overall, our analysis of recent works points to certain research gaps. In particular, we find that in many research works in computer science, very abstract problem operationalizations are prevalent and questions of the underlying normative claims and what represents a fair recommendation in the context of a given application are often not discussed in depth. These observations call for more interdisciplinary research to address fairness in recommendation in a more comprehensive and impactful manner.",2022,User modeling and user-adapted interaction,https://www.semanticscholar.org/paper/bb5c2e2cb4abd175dc43e5606ded5c5dbdb840eb,fairness_recommender
b96107d90ff7fc282e65449198c75fd894b04c08,Fairness in Recommender Systems: Evaluation Approaches and Assurance Strategies,"With the wide application of recommender systems, the potential impacts of recommender systems on customers, item providers and other parties have attracted increasing attention. Fairness, which is the quality of treating people equally, is also becoming important in recommender system evaluation and algorithm design. Therefore, in the past years, there has been a growing interest in fairness measurement and assurance in recommender systems. Although there are several reviews on related topics, such as fairness in machine learning and debias in recommender systems, they do not present a systematic view on fairness in recommender systems, which is context aware and has a multi-sided meaning. Therefore, in this review, the concept of fairness is discussed in detail in the various contexts of recommender systems. Specifically, a comprehensive framework to classify fairness metrics is proposed from four dimensions, i.e., Fairness for Whom, Demographic Unit, Time Frame, and Quantification Method. Then the strategies for eliminating unfairness in recommendations, fairness in different recommendation tasks and datasets are reviewed and summarized. Finally, the challenges and future work are discussed.",2023,ACM Transactions on Knowledge Discovery from Data,https://www.semanticscholar.org/paper/b96107d90ff7fc282e65449198c75fd894b04c08,fairness_recommender
901eacc4a4cf92754aeabe77b5f6972af98ca9e7,Experiments on Generalizability of User-Oriented Fairness in Recommender Systems,"Recent work in recommender systems mainly focuses on fairness in recommendations as an important aspect of measuring recommendations quality. A fairness-aware recommender system aims to treat different user groups similarly. Relevant work on user-oriented fairness highlights the discriminant behavior of fairness-unaware recommendation algorithms towards a certain user group, defined based on users' activity level. Typical solutions include proposing a user-centered fairness re-ranking framework applied on top of a base ranking model to mitigate its unfair behavior towards a certain user group i.e., disadvantaged group. In this paper, we re-produce a user-oriented fairness study and provide extensive experiments to analyze the dependency of their proposed method on various fairness and recommendation aspects, including the recommendation domain, nature of the base ranking model, and user grouping method. Moreover, we evaluate the final recommendations provided by the re-ranking framework from both user- (e.g., NDCG, user-fairness) and item-side (e.g., novelty, item-fairness) metrics. We discover interesting trends and trade-offs between the model's performance in terms of different evaluation metrics. For instance, we see that the definition of the advantaged/disadvantaged user groups plays a crucial role in the effectiveness of the fairness algorithm and how it improves the performance of specific base ranking models. Finally, we highlight some important open challenges and f",2022,Annual International ACM SIGIR Conference on Research and Development in Information Retrieval,https://www.semanticscholar.org/paper/901eacc4a4cf92754aeabe77b5f6972af98ca9e7,fairness_recommender
48331aa835e8526d2435a04ee55017e03fd11b14,Understanding Fairness in Recommender Systems: A Healthcare Perspective,"Fairness in AI-driven decision-making systems has become a critical concern, especially when these systems directly affect human lives. This paper explores the public’s comprehension of fairness in healthcare recommendations. We conducted a survey where participants selected from four fairness metrics – Demographic Parity, Equal Accuracy, Equalized Odds, and Positive Predictive Value – across different healthcare scenarios to assess their understanding of these concepts. Our findings reveal that fairness is a complex and often misunderstood concept, with a generally low level of public understanding regarding fairness metrics in recommender systems. This study highlights the need for enhanced information and education on algorithmic fairness to support informed decision-making in using these systems. Furthermore, the results suggest that a one-size-fits-all approach to fairness may be insufficient, pointing to the importance of context-sensitive designs in developing equitable AI systems.",2024,ACM Conference on Recommender Systems,https://www.semanticscholar.org/paper/48331aa835e8526d2435a04ee55017e03fd11b14,fairness_recommender
0f806b1b18580f37cd69cb20aaa5cc687c42857d,Hypergraph Convolutional Network for User-Oriented Fairness in Recommender Systems,"The service system involves multiple stakeholders, making it crucial to ensure fairness. In this paper, we take the example of a typical service system, the recommender system, to investigate how to identify and tackle fairness issues within the service system. Recommender systems often exhibit bias towards a small user group, resulting in pronounced unfairness in recommendation performance, specifically the User-Oriented Fairness (UOF) issue. Existing research on UOF faces limitations in addressing two pivotal challenges: CH1: Current methods fall short in addressing the root cause of the UOF issue, stemming from an unfair training process between advantaged and disadvantaged users. CH2: Current methods struggle to unveil compelling correlations among users in sparse datasets. In this paper, we propose a novel Hypergraph Convolutional Network for User-Oriented Fairness, namely HyperUOF, to address the aforementioned challenges. HyperUOF serves as a versatile framework applicable to various backbone recommendation models for achieving UOF. To address CH1, HyperUOF employs an in-processing method that enhances the training process of disadvantaged users during model training. To addressCH2, HyperUOF incorporates a hypergraph-based approach, proven effective in sparse datasets, to explore high-order correlations among users. We conduct extensive experiments on three real-world datasets based on four backbone recommendation models to prove the effectiveness of our proposed Hyper",2024,Annual International ACM SIGIR Conference on Research and Development in Information Retrieval,https://www.semanticscholar.org/paper/0f806b1b18580f37cd69cb20aaa5cc687c42857d,fairness_recommender
f197a82da6cb4b0677efa0ece29763dcc762c31b,A Two-Stage Calibration Approach for Mitigating Bias and Fairness in Recommender Systems,"Popularity bias and unfairness are problems caused by the lack of calibration in recommender systems. Works that intend to reduce the effect of popularity bias do not consider the distribution of item genres/categories in the users' profiles. Other studies aim to calibrate the system to generate fair recommendations according to users' profiles, but usually are still biased towards popularity. We propose a system calibration approach based on users' preferences for different levels of popularity of items and their genres. The proposed approach works in the post-processing stage and can be combined with different recommendation models. We evaluated the system with offline experiments using one state-of-the-art dataset, three recommender algorithms, six baselines, and different metrics for popularity, fairness, and accuracy. The results indicate reduced popularity bias and improved fairness.",2024,ACM Symposium on Applied Computing,https://www.semanticscholar.org/paper/f197a82da6cb4b0677efa0ece29763dcc762c31b,fairness_recommender
8291c9ba9969edde4d069f27a3050047f751a6ba,Intra- and Inter-group Optimal Transport for User-Oriented Fairness in Recommender Systems,"Recommender systems are typically biased toward a small group of users, leading to severe unfairness in recommendation performance, i.e., User-Oriented Fairness (UOF) issue. Existing research on UOF exhibits notable limitations in two phases of recommendation models. In the training phase, current methods fail to tackle the root cause of the UOF issue, which lies in the unfair training process between advantaged and disadvantaged users. In the evaluation phase, the current UOF metric lacks the ability to comprehensively evaluate varying cases of unfairness. In this paper, we aim to address the aforementioned limitations and ensure recommendation models treat user groups of varying activity levels equally. In the training phase, we propose a novel Intra- and Inter-GrOup Optimal Transport framework (II-GOOT) to alleviate the data sparsity problem for disadvantaged users and narrow the training gap between advantaged and disadvantaged users. In the evaluation phase, we introduce a novel metric called ?-UOF, which enables the identification and assessment of various cases of UOF. This helps prevent recommendation models from leading to unfavorable fairness outcomes, where both advantaged and disadvantaged users experience subpar recommendation performance. We conduct extensive experiments on three real-world datasets based on four backbone recommendation models to prove the effectiveness of ?-UOF and the efficiency of our proposed II-GOOT.",2024,AAAI Conference on Artificial Intelligence,https://www.semanticscholar.org/paper/8291c9ba9969edde4d069f27a3050047f751a6ba,fairness_recommender
a415ea4258b37bdd3b270c7ba7fefb552340a45b,"Beyond-accuracy: a review on diversity, serendipity, and fairness in recommender systems based on graph neural networks","By providing personalized suggestions to users, recommender systems have become essential to numerous online platforms. Collaborative filtering, particularly graph-based approaches using Graph Neural Networks (GNNs), have demonstrated great results in terms of recommendation accuracy. However, accuracy may not always be the most important criterion for evaluating recommender systems' performance, since beyond-accuracy aspects such as recommendation diversity, serendipity, and fairness can strongly influence user engagement and satisfaction. This review paper focuses on addressing these dimensions in GNN-based recommender systems, going beyond the conventional accuracy-centric perspective. We begin by reviewing recent developments in approaches that improve not only the accuracy-diversity trade-off but also promote serendipity, and fairness in GNN-based recommender systems. We discuss different stages of model development including data preprocessing, graph construction, embedding initialization, propagation layers, embedding fusion, score computation, and training methodologies. Furthermore, we present a look into the practical difficulties encountered in assuring diversity, serendipity, and fairness, while retaining high accuracy. Finally, we discuss potential future research directions for developing more robust GNN-based recommender systems that go beyond the unidimensional perspective of focusing solely on accuracy. This review aims to provide researchers and practitioner",2023,Frontiers Big Data,https://www.semanticscholar.org/paper/a415ea4258b37bdd3b270c7ba7fefb552340a45b,fairness_recommender
92019b093ad7d9a170f48133f0abbfe07d5af97d,"Transparency, Privacy, and Fairness in Recommender Systems","Recommender systems have become a pervasive part of our daily online experience, and are one of the most widely used applications of artificial intelligence and machine learning. Therefore, regulations and requirements for trustworthy artificial intelligence, for example, the European AI Act, which includes notions such as transparency, privacy, and fairness are also highly relevant for the design of recommender systems in practice. This habilitation elaborates on aspects related to these three notions in the light of recommender systems, namely: (i) transparency and cognitive models, (ii) privacy and limited preference information, and (iii) fairness and popularity bias in recommender systems. Specifically, with respect to aspect (i), we highlight the usefulness of incorporating psychological theories for a transparent design process of recommender systems. We term this type of systems psychology-informed recommender systems. In aspect (ii), we study and address the trade-off between accuracy and privacy in differentially-private recommendations. We design a novel recommendation approach for collaborative filtering based on an efficient neighborhood reuse concept, which reduces the number of users that need to be protected with differential privacy. Furthermore, we address the related issue of limited availability of user preference information, e.g., click data, in the settings of session-based and cold-start recommendations. With respect to aspect (iii), we analyze popular",2024,arXiv.org,https://www.semanticscholar.org/paper/92019b093ad7d9a170f48133f0abbfe07d5af97d,fairness_recommender
f374d46a50f01c8e589d8d29dd8bd6f72a85688e,The Multisided Complexity of Fairness in Recommender Systems,"Recommender systems are poised at the interface between stakeholders: for example, job applicants and employers in the case of recommendations of employment listings, or artists and listeners in the case of music recommendation. In such multisided platforms, recommender systems play a key role in enabling discovery of products and information at large scales. However, as they have become more and more pervasive in society, the equitable distribution of their benefits and harms have been increasingly under scrutiny, as is the case with machine learning generally. While recommender systems can exhibit many of the biases encountered in other machine learning settings, the intersection of personalization and multisidedness makes the question of fairness in recommender systems manifest itself quite differently. In this article, we discuss recent work in the area of multisided fairness in recommendation, starting with a brief introduction to core ideas in algorithmic fairness and multistakeholder recommendation. We describe techniques for measuring fairness and algorithmic approaches for enhancing fairness in recommendation outputs. We also discuss feedback and popularity effects that can lead to unfair recommendation outcomes. Finally, we introduce several promising directions for future research in this area.",2022,The AI Magazine,https://www.semanticscholar.org/paper/f374d46a50f01c8e589d8d29dd8bd6f72a85688e,fairness_recommender
9f489a3c2c53712155152bc17ca808ce0883d6fd,Looking for Fairness in Recommender Systems,"Recommender systems can be found everywhere today, shaping our everyday experience whenever we're consuming content, ordering food, buying groceries online, or even just reading the news. Let's imagine we're in the process of building a recommender system to make content suggestions to users on social media. When thinking about fairness, it becomes clear there are several perspectives to consider: the users asking for tailored suggestions, the content creators hoping for some limelight, and society at large, navigating the repercussions of algorithmic recommendations. A shared fairness concern across all three is the emergence of filter bubbles, a side-effect that takes place when recommender systems are almost""too good"", making recommendations so tailored that users become inadvertently confined to a narrow set of opinions/themes and isolated from alternative ideas. From the user's perspective, this is akin to manipulation. From the small content creator's perspective, this is an obstacle preventing them access to a whole range of potential fans. From society's perspective, the potential consequences are far-reaching, influencing collective opinions, social behavior and political decisions. How can our recommender system be fine-tuned to avoid the creation of filter bubbles, and ensure a more inclusive and diverse content landscape? Approaching this problem involves defining one (or more) performance metric to represent diversity, and tweaking our recommender system's perfor",2025,arXiv.org,https://www.semanticscholar.org/paper/9f489a3c2c53712155152bc17ca808ce0883d6fd,fairness_recommender
5fbee28ce285365b879d18101a713963c7c6ff16,Consumer-side fairness in recommender systems: a systematic survey of methods and evaluation,"In the current landscape of ever-increasing levels of digitalization, we are facing major challenges pertaining to data volume. Recommender systems have become irreplaceable both for helping users navigate the increasing amounts of data and, conversely, aiding providers in marketing products to interested users. Data-driven models are susceptible to data bias, materializing in the bias influencing the models’ decision-making. For recommender systems, such issues are well exemplified by occupation recommendation, where biases in historical data may lead to recommender systems relating one gender to lower wages or to the propagation of stereotypes. In particular, consumer-side fairness, which focuses on mitigating discrimination experienced by users of recommender systems, has seen a vast number of diverse approaches. The approaches are further diversified through differing ideas on what constitutes fair and, conversely, discriminatory recommendations. This survey serves as a systematic overview and discussion of the current research on consumer-side fairness in recommender systems. To that end, a novel taxonomy based on high-level fairness definitions is proposed and used to categorize the research and the proposed fairness evaluation metrics. Finally, we highlight some suggestions for the future direction of the field.",2023,Artificial Intelligence Review,https://www.semanticscholar.org/paper/5fbee28ce285365b879d18101a713963c7c6ff16,fairness_recommender
f388f86cd53b9044a901c624dedb3d69eeff52d5,Consumer Fairness in Recommender Systems: Contextualizing Definitions and Mitigations,". Enabling non-discrimination for end-users of recommender systems by introducing consumer fairness is a key problem, widely studied in both academia and industry. Current research has led to a variety of notions, metrics, and unfairness mitigation procedures. The evaluation of each procedure has been heterogeneous and limited to a mere comparison with models not accounting for fairness. It is hence hard to contextualize the impact of each mitigation procedure w.r.t. the others. In this paper, we conduct a systematic analysis of mitigation procedures against consumer unfairness in rating prediction and top-n recommendation tasks. To this end, we collected 15 procedures proposed in recent top-tier conferences and journals. Only 8 of them could be reproduced. Under a common evaluation protocol, based on two public data sets, we then studied the extent to which recommendation utility and consumer fairness are impacted by these procedures, the interplay between two pri-mary fairness notions based on equity and independence, and the demographic groups harmed by the disparate impact. Our study ﬁnally high-lights open challenges and future directions in this ﬁeld. The source code is available at https://github.com/jackmedda/C-Fairness-RecSys . models, data sets and sensitive attributes.",2022,European Conference on Information Retrieval,https://www.semanticscholar.org/paper/f388f86cd53b9044a901c624dedb3d69eeff52d5,fairness_recommender
a167f78d44f5c496a51149a353bc01eec8965336,Diversity-aware Recommendations for Social Justice? Exploring User Diversity and Fairness in Recommender Systems,"Diversity and fairness are increasingly linked in the field of personalized recommendations. For instance, the diversification of items (”item diversity”) is considered key to fairness. Less attention has been paid to ”user diversity” and its implications for fairness. In this paper, I problematize the conceptualization and application of user diversity in recommender systems. I argue that the widespread understanding of user diversity as natural, value-neutral, and individual-level categories may accidentally compound historical injustice. To mitigate emerging biases, diversity dimensions need to be contextualized by mapping structural inequalities between users. The paper thus stresses the importance of paying attention to the structural context of diversity, whereas the context refers to political and social circumstances surrounding the user’s life. The paper makes three contributions: 1) It connects fairness to diversity literature in the field of recommender system, 2) it specifies the tension between item-side and user-side fairness by revealing a bias in the treatment of user diversity, 3) it proposes solutions to mitigate the bias by drawing on Black feminist and critical race theory.",2021,"User Modeling, Adaptation, and Personalization",https://www.semanticscholar.org/paper/a167f78d44f5c496a51149a353bc01eec8965336,fairness_recommender
2ff69992cc4ac425e40ff6ee86d1c66d1ebfb538,Beyond Algorithmic Fairness in Recommender Systems,"Fairness is one of the crucial aspects of modern Recommender Systems which has recently drawn substantial attention from the community. Many recent works have addressed this aspect by studying the fairness of the recommendation through different forms of evaluation methodologies and metrics. However, the majority of these works have mainly concentrated on the recommendation algorithms and hence measured the fairness from the algorithmic viewpoint. While such viewpoint may still play an important role, it does not necessarily project a comprehensive picture of how the users may perceive the overall fairness of a recommender system. This paper extends the prior works and goes beyond the algorithmic fairness in recommender systems by highlighting the non-algorithmic viewpoint on the fairness in these systems. The paper proposes an evaluation methodology that can be used to assess the fairness of a recommender system perceived by its users. We have adopted a well-known model and re-formulated it to suit the particular characteristics of the recommender systems, and accordingly, their corresponding users. Our proposed methodology can be used in order to elicit the feedback of the users, along with three important dimensions, i.e., Engagement, Representation, and Action & Expression. We have formed a set of survey questions that address the aforementioned dimensions, as a set of examples to assess the fairness in a recommender system.",2021,"User Modeling, Adaptation, and Personalization",https://www.semanticscholar.org/paper/2ff69992cc4ac425e40ff6ee86d1c66d1ebfb538,fairness_recommender
0cdd5fd1d3e44db07f5bfab26b736429331ff070,In-processing User Constrained Dominant Sets for User-Oriented Fairness in Recommender Systems,"Recommender systems are typically biased toward a small group of users, leading to severe unfairness in recommendation performance, i.e., User-Oriented Fairness (UOF) issue. The existing research on UOF is limited and fails to deal with the root cause of the UOF issue: the learning process between advantaged and disadvantaged users is unfair. To tackle this issue, we propose an In-processing User Constrained Dominant Sets (In-UCDS) framework, which is a general framework that can be applied to any backbone recommendation model to achieve user-oriented fairness. We split In-UCDS into two stages, i.e., the UCDS modeling stage and the in-processing training stage. In the In-UCDS modeling stage, for each disadvantaged user, we extract a constrained dominant set (a user cluster) containing some advantaged users that are similar to it. In the in-processing training stage, we move the representations of disadvantaged users closer to their corresponding cluster by calculating a fairness loss. By combining the fairness loss with the original backbone model loss, we address the UOF issue and maintain the overall recommendation performance simultaneously. Comprehensive experiments on three real-world datasets demonstrate that In-UCDS outperforms the state-of-the-art methods, leading to a fairer model with better overall recommendation performance.",2023,ACM Multimedia,https://www.semanticscholar.org/paper/0cdd5fd1d3e44db07f5bfab26b736429331ff070,fairness_recommender
23d67e1e1b4c815d21ccceba7cae35d33ed3ae1e,DeepFair: Deep Learning for Improving Fairness in Recommender Systems,"The lack of bias management in Recommender Systems leads to minority groups receiving unfair recommendations. Moreover, the trade-off between equity and precision makes it difficult to obtain recommendations that meet both criteria. Here we propose a Deep Learning based Collaborative Filtering algorithm that provides recommendations with an optimum balance between fairness and accuracy without knowing demographic information about the users. Experimental results show that it is possible to make fair recommendations without losing a significant proportion of accuracy.",2020,Int. J. Interact. Multim. Artif. Intell.,https://www.semanticscholar.org/paper/23d67e1e1b4c815d21ccceba7cae35d33ed3ae1e,fairness_recommender
9d1b4158d5ce9450f2f1b0e0b649c01f5bea0858,Popularity Bias in Recommender Systems: The Search for Fairness in the Long Tail,"The importance of recommender systems has grown in recent years, as these systems are becoming one of the primary ways in which we access content on the Internet. Along with their use, concerns about the fairness of the recommendations they propose have rightfully risen. Recommender systems are known to be affected by popularity bias, the disproportionate preference towards popular items. While this bias stems from human tendencies, algorithms used in recommender systems can amplify it, resulting in unfair treatment of end-users and/or content creators. This article proposes a narrative review of the relevant literature to characterize and understand this phenomenon, both in human and algorithmic terms. The analysis of the literature highlighted the main themes and underscored the need for a multi-disciplinary approach that examines the interplay between human cognition, algorithms, and socio-economic factors. In particular, the article discusses how the overall fairness of recommender systems is impacted by popularity bias. We then describe the approaches that have been used to mitigate the harmful effects of this bias and discuss their effectiveness in addressing the issue, finding that some of the current approaches fail to face the problem in its entirety. Finally, we identify some open problems and research opportunities to help the advancement of research in the fairness of recommender systems.",2025,Inf.,https://www.semanticscholar.org/paper/9d1b4158d5ce9450f2f1b0e0b649c01f5bea0858,fairness_recommender
12cf755ca2e926dc39f3ab2ec422b991089d8b5f,Interplay between upsampling and regularization for provider fairness in recommender systems,"Considering the impact of recommendations on item providers is one of the duties of multi-sided recommender systems. Item providers are key stakeholders in online platforms, and their earnings and plans are influenced by the exposure their items receive in recommended lists. Prior work showed that certain minority groups of providers, characterized by a common sensitive attribute (e.g., gender or race), are being disproportionately affected by indirect and unintentional discrimination. Our study in this paper handles a situation where (i) the same provider is associated with multiple items of a list suggested to a user, (ii) an item is created by more than one provider jointly, and (iii) predicted user–item relevance scores are biasedly estimated for items of provider groups. Under this scenario, we assess disparities in relevance, visibility, and exposure, by simulating diverse representations of the minority group in the catalog and the interactions. Based on emerged unfair outcomes, we devise a treatment that combines observation upsampling and loss regularization, while learning user–item relevance scores. Experiments on real-world data demonstrate that our treatment leads to lower disparate relevance. The resulting recommended lists show fairer visibility and exposure, higher minority item coverage, and negligible loss in recommendation utility.",2020,User modeling and user-adapted interaction,https://www.semanticscholar.org/paper/12cf755ca2e926dc39f3ab2ec422b991089d8b5f,fairness_recommender
9e1d32778ff9882ebd7eb449402291611cffb4cf,User Fairness in Recommender Systems,Recent works in recommendation systems have focused on diversity in recommendations as an important aspect of recommendation quality. In this work we argue that the post-processing algorithms aimed at only improving diversity among recommendations lead to discrimination among the users. We introduce the notion of user fairness which has been overlooked in literature so far and propose measures to quantify it. Our experiments on two diversification algorithms show that an increase in aggregate diversity results in increased disparity among the users.,2018,The Web Conference,https://www.semanticscholar.org/paper/9e1d32778ff9882ebd7eb449402291611cffb4cf,fairness_recommender
cfb06c9f2df6e5c6dedd61b1acb44e4d29332f50,Exploring User Opinions of Fairness in Recommender Systems,"Algorithmic fairness for artificial intelligence has become increasingly relevant as these systems become more pervasive in society. One realm of AI, recommender systems, presents unique challenges for fairness due to trade offs between optimizing accuracy for users and fairness to providers. But what is fair in the context of recommendation--particularly when there are multiple stakeholders? In an initial exploration of this problem, we ask users what their ideas of fair treatment in recommendation might be, and why. We analyze what might cause discrepancies or changes between user's opinions towards fairness to eventually help inform the design of fairer and more transparent recommendation algorithms.",2020,arXiv.org,https://www.semanticscholar.org/paper/cfb06c9f2df6e5c6dedd61b1acb44e4d29332f50,fairness_recommender
fcb33f95a3157b675ff3753f1814b0eae745db24,Localized Fairness in Recommender Systems,"Recent research in fairness in machine learning has identified situations in which biases in input data can cause harmful or unwanted effects. Researchers in the areas of personalization and recommendation have begun to study similar types of bias. What these lines of research share is a fixed representation of the protected groups relative to which bias must be monitored. However, in some real-world application contexts, such groups cannot be defined apriori, but must be derived from the data itself. Furthermore, as we show, it may be insufficient in such cases to examine global system properties to identify protected groups. Thus, we demonstrate that fairness may be local, and the identification of protected groups only possible through consideration of local conditions.",2019,"User Modeling, Adaptation, and Personalization",https://www.semanticscholar.org/paper/fcb33f95a3157b675ff3753f1814b0eae745db24,fairness_recommender
f825568ab4af63a14bae362703eef7568c8b3e46,Privacy and Fairness in Recommender Systems via Adversarial Training of User Representations,"Latent factor models for recommender systems represent users and items as low dimensional vectors. Privacy risks of such systems have previously been studied mostly in the context of recovery of personal information in the form of usage records from the training data. However, the user representations themselves may be used together with external data to recover private user information such as gender and age. In this paper we show that user vectors calculated by a common recommender system can be exploited in this way. We propose the privacy-adversarial framework to eliminate such leakage of private information, and study the trade-off between recommender performance and leakage both theoretically and empirically using a benchmark dataset. An advantage of the proposed method is that it also helps guarantee fairness of results, since all implicit knowledge of a set of attributes is scrubbed from the representations used by the model, and thus can't enter into the decision making. We discuss further applications of this method towards the generation of deeper and more insightful recommendations.",2018,International Conference on Pattern Recognition Applications and Methods,https://www.semanticscholar.org/paper/f825568ab4af63a14bae362703eef7568c8b3e46,fairness_recommender
7f51bb3a2647a5c2df19289026eb93c10b7cd69b,Joint Evaluation of Fairness and Relevance in Recommender Systems with Pareto Frontier,"Fairness and relevance are two important aspects of recommender systems (RSs). Typically, they are evaluated either (i) separately by individual measures of fairness and relevance, or (ii) jointly using a single measure that accounts for fairness with respect to relevance. However, approach (i) often does not provide a reliable joint estimate of the goodness of the models, as it has two different best models: one for fairness and another for relevance. Approach (ii) is also problematic because these measures tend to be ad-hoc and do not relate well to traditional relevance measures, like NDCG. Motivated by this, we present a new approach for jointly evaluating fairness and relevance in RSs: Distance to Pareto Frontier (DPFR). Given some user-item interaction data, we compute their Pareto frontier for a pair of existing relevance and fairness measures, and then use the distance from the frontier as a measure of the jointly achievable fairness and relevance. Our approach is modular and intuitive as it can be computed with existing measures. Experiments with 4 RS models, 3 re-ranking strategies, and 6 datasets show that existing metrics have inconsistent associations with our Pareto-optimal solution, making DPFR a more robust and theoretically well-founded joint measure for assessing fairness and relevance. Our code: https://github.com/theresiavr/DPFR-recsys-evaluation",2025,The Web Conference,https://www.semanticscholar.org/paper/7f51bb3a2647a5c2df19289026eb93c10b7cd69b,fairness_recommender
c16232d9de2280cec6d11e7f0185fc3f6de54233,FaDeRS: Fairness and Depolarization in Recommender Systems,"Recommender systems have become fundamental in modern society as they help navigate the vast amount of available data, enabling users to find information, products, or services more efficiently and personally. They directly impact how people consume data, goods, and resources. Recommender systems often lack fairness and diversity, resulting in unfair services and increased preference polarization. Solution: This work presents FaDeRS (Fairness and Depolarization in Recommender Systems), an approach aimed at increasing fairness and diversity in recommender systems. FaDeRS adjusts predictions through controlled perturbations and optimization to mitigate individual unfairness and polarization without modifying the input data. The research is related to socio-technical theory, addressing one of the socio-algorithmic problems, algorithmic discrimination. We consider a specific set of approaches to encode fair behaviors. The research applied a quantitative method with experimentation using two datasets in distinct contexts, implementing a post-processing algorithm based on the Simulated Annealing meta-heuristic. The proposed method demonstrated significant reductions in polarization (up to 78.64%) and individual unfairness (up to 33.97%), with only a small increase in the Root Mean Square Error (RMSE), indicating an improvement in the socially desirable qualities of the systems without unduly sacrificing accuracy. Notably, FaDeRS consistently outperformed a relevant benchmark method",2025,Brazilian Symposium on Multimedia and the Web,https://www.semanticscholar.org/paper/c16232d9de2280cec6d11e7f0185fc3f6de54233,fairness_recommender
95e0ea7d6b70896880d65ab4b829e6c9772a2f67,Enhancing New-item Fairness in Dynamic Recommender Systems,"New-items play a crucial role in recommender systems (RSs) for delivering fresh and engaging user experiences. However, traditional methods struggle to effectively recommend new-items due to their short exposure time and limited interaction records, especially in dynamic recommender systems (DRSs) where new-items get continuously introduced and users' preferences evolve over time. This leads to significant unfairness towards new-items, which could accumulate over the successive model updates, ultimately compromising the stability of the entire system. Therefore, we propose FairAgent, a reinforcement learning (RL)-based new-item fairness enhancement framework specifically designed for DRSs. It leverages knowledge distillation to extract collaborative signals from traditional models, retaining strong recommendation capabilities for old-items. In addition, FairAgent introduces a novel reward mechanism for recommendation tailored to the characteristics of DRSs, which consists of three components: 1) a new-item exploration reward to promote the exposure of dynamically introduced new-items, 2) a fairness reward to adapt to users' personalized fairness requirements for new-items, and 3) an accuracy reward which leverages users' dynamic feedback to enhance recommendation accuracy. Extensive experiments on three public datasets and backbone models demonstrate the superior performance of FairAgent. The results present that FairAgent can effectively boost new-item exposure, achieve pers",2025,Annual International ACM SIGIR Conference on Research and Development in Information Retrieval,https://www.semanticscholar.org/paper/95e0ea7d6b70896880d65ab4b829e6c9772a2f67,fairness_recommender
3630de1ddd8832540c1ebd027d70497766db7153,Fairness and Diversity in Recommender Systems: A Survey,"Recommender systems (RS) are effective tools for mitigating information overload and have seen extensive applications across various domains. However, the single focus on utility goals proves to be inadequate in addressing real-world concerns, leading to increasing attention to fairness-aware and diversity-aware RS. While most existing studies explore fairness and diversity independently, we identify strong connections between these two domains. In this survey, we first discuss each of them individually and then dive into their connections. Additionally, motivated by the concepts of user-level and item-level fairness, we broaden the understanding of diversity to encompass not only the item level but also the user level. With this expanded perspective on user and item-level diversity, we re-interpret fairness studies from the viewpoint of diversity. This fresh perspective enhances our understanding of fairness-related work and paves the way for potential future research directions. Articles discussed in this survey along with public code links are available at: https://github.com/YuyingZhao/Awesome-Fairness-and-Diversity-Papers-in-Recommender-Systems",2023,ACM Transactions on Intelligent Systems and Technology,https://www.semanticscholar.org/paper/3630de1ddd8832540c1ebd027d70497766db7153,fairness_recommender
7f71cd4fedbd278481ab26f6e10476e5efe11ebc,A Personalized Framework for Consumer and Producer Group Fairness Optimization in Recommender Systems,"In recent years, there has been an increasing recognition that when machine learning (ML) algorithms are used to automate decisions, they may mistreat individuals or groups, with legal, ethical, or economic implications. Recommender systems are prominent examples of these ML systems that aid users in making decisions. The majority of past literature research on recommender systems fairness treats user and item fairness concerns independently, ignoring the fact that recommender systems function in a two-sided marketplace. In this article, we propose CP-FairRank, an optimization-based re-ranking algorithm that seamlessly integrates fairness constraints from both the consumer and producer side in a joint objective framework. The framework is generalizable and may take into account varied fairness settings based on group segmentation, recommendation model selection, and domain, which is one of its key characteristics. For instance, we demonstrate that the system may jointly increase consumer and producer fairness when (un)protected consumer groups are defined on the basis of their activity level and main-streamness, while producer groups are defined according to their popularity level. For empirical validation, through large-scale on eight datasets and four mainstream collaborative filtering recommendation models, we demonstrate that our proposed strategy is able to improve both consumer and producer fairness without compromising or very little overall recommendation quality, dem",2024,Trans. Recomm. Syst.,https://www.semanticscholar.org/paper/7f71cd4fedbd278481ab26f6e10476e5efe11ebc,fairness_recommender
38618616130c0043158f43efaf69acc7188dc1fc,Maximum Entropy Policy for Long-Term Fairness in Interactive Recommender Systems,"This article considers the problem of maintaining the long-term fairness of item exposure in interactive recommender systems under the dynamic setting that user preference and item popularity evolve over time. The challenge is that the evolving dynamics of user preference and item popularity in the feedback loop amplify the long-term “unfairness” of item exposure. To address this challenge, we first formulate a constrained Markov Decision Process (MDP) to capture the evolving dynamics of user preference. The proposed constrained MDP imposes long-term fairness requirements via maximum entropy techniques. Moreover, to illuminate the “unfairness” amplifying effect caused by the evolving dynamic of item popularity in the feedback loop, we design a debiased reward function to eliminate popularity bias in the training data. To this end, the proposed framework can maintain acceptable recommendation accuracy while exposing items as randomly as possible, ensuring long-term benefits for users. To address the data sparsity issue, the proposed framework can easily integrate self-supervised learning methods to enhance state representation. Experiments on three datasets and an authentic Reinforcement Learning environment (Virtual-Taobao) demonstrate the effectiveness and superiority of the proposed framework in terms of recommendation accuracy and fairness, and show the robustness against data sparsity and noise.",2024,IEEE Transactions on Services Computing,https://www.semanticscholar.org/paper/38618616130c0043158f43efaf69acc7188dc1fc,fairness_recommender
b337ab456af0d925424275196365b6e81bf32cdd,Provider Fairness and Beyond-Accuracy Trade-offs in Recommender Systems,"Recommender systems, while transformative in online user experiences, have raised concerns over potential provider-side fairness issues. These systems may inadvertently favor popular items, thereby marginalizing less popular ones and compromising provider fairness. While previous research has recognized provider-side fairness issues, the investigation into how these biases affect beyond-accuracy aspects of recommendation systems - such as diversity, novelty, coverage, and serendipity - has been less emphasized. In this paper, we address this gap by introducing a simple yet effective post-processing re-ranking model that prioritizes provider fairness, while simultaneously maintaining user relevance and recommendation quality. We then conduct an in-depth evaluation of the model's impact on various aspects of recommendation quality across multiple datasets. Specifically, we apply the post-processing algorithm to four distinct recommendation models across four varied domain datasets, assessing the improvement in each metric, encompassing both accuracy and beyond-accuracy aspects. This comprehensive analysis allows us to gauge the effectiveness of our approach in mitigating provider biases. Our findings underscore the effectiveness of the adopted method in improving provider fairness and recommendation quality. They also provide valuable insights into the trade-offs involved in achieving fairness in recommender systems, contributing to a more nuanced understanding of this complex ",2023,arXiv.org,https://www.semanticscholar.org/paper/b337ab456af0d925424275196365b6e81bf32cdd,fairness_recommender
8cdadf2c186a63528d2094de7d48e4635147a66c,Ensuring User-side Fairness in Dynamic Recommender Systems,"User-side group fairness is crucial for modern recommender systems, alleviating performance disparities among user groups defined by sensitive attributes like gender, race, or age. In the everevolving landscape of user-item interactions, continual adaptation to newly collected data is crucial for recommender systems to stay aligned with the latest user preferences. However, we observe that such continual adaptation often worsen performance disparities. This necessitates a thorough investigation into user-side fairness in dynamic recommender systems. This problem is challenging due to distribution shifts, frequent model updates, and nondifferentiability of ranking metrics. To our knowledge, this paper presents the first principled study on ensuring user-side fairness in dynamic recommender systems. We start with theoretical analyses on fine-tuning v.s. retraining, showing that the best practice is incremental fine-tuning with restart. Guided by our theoretical analyses, we propose FAir Dynamic rEcommender (FADE), an end-to-end fine-tuning framework to dynamically ensure user-side fairness over time. To overcome the non-differentiability of recommendation metrics in the fairness loss, we further introduce Differentiable Hit (DH) as an improvement over the recent NeuralNDCG method, not only alleviating its gradient vanishing issue but also achieving higher efficiency. Besides that, we also address the instability issue of the fairness loss by leveraging the competing nature betw",2023,The Web Conference,https://www.semanticscholar.org/paper/8cdadf2c186a63528d2094de7d48e4635147a66c,fairness_recommender
24471be63e4088eda349288a4753537f61f80610,Tutorial on Fairness of Machine Learning in Recommender Systems,"Recently, there has been growing attention on fairness considerations in machine learning. As one of the most pervasive applications of machine learning, recommender systems are gaining increasing and critical impacts on human and society since a growing number of users use them for information seeking and decision making. Therefore, it is crucial to address the potential unfairness problems in recommendation, which may hurt users' or providers' satisfaction in recommender systems as well as the interests of the platforms. The tutorial focuses on the foundations and algorithms for fairness in recommendation. It also presents a brief introduction about fairness in basic machine learning tasks such as classification and ranking. The tutorial will introduce the taxonomies of current fairness definitions and evaluation metrics for fairness concerns. We will introduce previous works about fairness in recommendation and also put forward future fairness research directions. The tutorial aims at introducing and communicating fairness in recommendation methods to the community, as well as gathering researchers and practitioners interested in this research direction for discussions, idea communications, and research promotions.",2021,Annual International ACM SIGIR Conference on Research and Development in Information Retrieval,https://www.semanticscholar.org/paper/24471be63e4088eda349288a4753537f61f80610,fairness_recommender
3d526dd0e4ac8fda05c300415f41c5a68ed0dcb2,A review on individual and multistakeholder fairness in tourism recommender systems,"The growing use of Recommender Systems (RS) across various industries, including e-commerce, social media, news, travel, and tourism, has prompted researchers to examine these systems for any biases or fairness concerns. Fairness in RS is a multi-faceted concept ensuring fair outcomes for all stakeholders involved in the recommendation process, and its definition can vary based on the context and domain. This paper highlights the importance of evaluating RS from multiple stakeholders' perspectives, specifically focusing on Tourism Recommender Systems (TRS). Stakeholders in TRS are categorized based on their main fairness criteria, and the paper reviews state-of-the-art research on TRS fairness from various viewpoints. It also outlines the challenges, potential solutions, and research gaps in developing fair TRS. The paper concludes that designing fair TRS is a multi-dimensional process that requires consideration not only of the other stakeholders but also of the environmental impact and effects of overtourism and undertourism.",2023,Frontiers in Big Data,https://www.semanticscholar.org/paper/3d526dd0e4ac8fda05c300415f41c5a68ed0dcb2,fairness_recommender
ed85682d8e4876a8dc40507b1c820b0a3905e1e4,"Fairness in Ranking, Part II: Learning-to-Rank and Recommender Systems","In the past few years, there has been much work on incorporating fairness requirements into algorithmic rankers, with contributions coming from the data management, algorithms, information retrieval, and recommender systems communities. In this survey, we give a systematic overview of this work, offering a broad perspective that connects formalizations and algorithmic approaches across subfields. An important contribution of our work is in developing a common narrative around the value frameworks that motivate specific fairness-enhancing interventions in ranking. This allows us to unify the presentation of mitigation objectives and of algorithmic techniques to help meet those objectives or identify trade-offs. In the first part of this survey, we describe four classification frameworks for fairness-enhancing interventions, along which we relate the technical methods surveyed in this article, discuss evaluation datasets, and present technical work on fairness in score-based ranking. In the second part of this survey, we present methods that incorporate fairness in supervised learning, and also give representative examples of recent work on fairness in recommendation and matchmaking systems. We also discuss evaluation frameworks for fair score-based ranking and fair learning-to-rank, and draw a set of recommendations for the evaluation of fair ranking methods.",2022,ACM Computing Surveys,https://www.semanticscholar.org/paper/ed85682d8e4876a8dc40507b1c820b0a3905e1e4,fairness_recommender
c868ad93c04881252c2ac9fe405739bc7cca09e3,Understanding User Perspectives on Sustainability and Fairness in Tourism Recommender Systems,"Recommender Systems (RS) are widely used in various domains, including travel and tourism, to provide personalized recommendations for accommodations, activities, and destinations. However, the evaluation of RS has traditionally focused on satisfying the needs of end users, item providers, or the recommendation platform itself without considering the impact on society. Sustainable tourism practices are becoming increasingly important, and a Tourism Recommendation System (TRS) can play a crucial role in promoting sustainability by suggesting sustainable activities and less popular destinations to users. In this study, we explore the effect of integrating sustainable recommendations into TRS to ensure fairness for society. We conduct a user study utilizing synthetic recommendations to assess user perceptions of sustainable options versus unsustainable options. Our contributions include insights into effective strategies for incorporating sustainable items in recommendations, understanding user reactions to sustainable alternatives, and identifying helpful recommendation elements for users in their decision-making process. Our findings demonstrate that including sustainable options in recommendations can encourage tourists to visit sustainable and less popular areas and help address issues such as overtourism and undertourism in the travel and tourism industry.",2023,"User Modeling, Adaptation, and Personalization",https://www.semanticscholar.org/paper/c868ad93c04881252c2ac9fe405739bc7cca09e3,fairness_recommender
e4f6ba249783b99382bfda4355757ae26a03ed4b,Bias Assessment Approaches for Addressing User-Centered Fairness in GNN-Based Recommender Systems,"In today’s technology-driven society, many decisions are made based on the results provided by machine learning algorithms. It is widely known that the models generated by such algorithms may present biases that lead to unfair decisions for some segments of the population, such as minority or marginalized groups. Hence, there is concern about the detection and mitigation of these biases, which may increase the discriminatory treatments of some demographic groups. Recommender systems, used today by millions of users, are not exempt from this drawback. The influence of these systems on so many user decisions, which in turn are taken as the basis for future recommendations, contributes to exacerbating this problem. Furthermore, there is evidence that some of the most recent and successful recommendation methods, such as those based on graphical neural networks (GNNs), are more sensitive to bias. The evaluation approaches of some of these biases, as those involving protected demographic groups, may not be suitable for recommender systems since their results are the preferences of the users and these do not necessarily have to be the same for the different groups. Other assessment metrics are aimed at evaluating biases that have no impact on the user. In this work, the suitability of different user-centered bias metrics in the context of GNN-based recommender systems are analyzed, as well as the response of recommendation methods with respect to the different types of biases to wh",2023,Inf.,https://www.semanticscholar.org/paper/e4f6ba249783b99382bfda4355757ae26a03ed4b,fairness_recommender
8ab12afbe707b2d172f4c8038c4f49c4d52a3fc6,CIKM 2021 Tutorial on Fairness of Machine Learning in Recommender Systems,"Recently, there has been growing attention on fairness considerations in machine learning. As one of the most pervasive applications of machine learning, recommender systems are gaining increasing and critical impacts on human and society since a growing number of users use them for information seeking and decision making. Therefore, it is crucial to address the potential unfairness problems in recommendation, which may hurt users' or providers' satisfaction in recommender systems as well as the interests of the platforms. The tutorial focuses on the foundations and algorithms for fairness in recommendation. It also presents a brief introduction about fairness in basic machine learning tasks such as classification and ranking. The tutorial will introduce the taxonomies of current fairness definitions and evaluation metrics for fairness concerns. We will introduce previous works about fairness in recommendation and also put forward future fairness research directions. The tutorial aims at introducing and communicating fairness in recommendation methods to the community, as well as gathering researchers and practitioners interested in this research direction for discussions, idea communications, and research promotions.",2021,International Conference on Information and Knowledge Management,https://www.semanticscholar.org/paper/8ab12afbe707b2d172f4c8038c4f49c4d52a3fc6,fairness_recommender
51b7e1994b7b97f13452841e26f0738661a27271,Fairness in Music Recommender Systems: A Stakeholder-Centered Mini Review,"The performance of recommender systems highly impacts both music streaming platform users and the artists providing music. As fairness is a fundamental value of human life, there is increasing pressure for these algorithmic decision-making processes to be fair as well. However, many factors make recommender systems prone to biases, resulting in unfair outcomes. Furthermore, several stakeholders are involved, who may all have distinct needs requiring different fairness considerations. While there is an increasing interest in research on recommender system fairness in general, the music domain has received relatively little attention. This mini review, therefore, outlines current literature on music recommender system fairness from the perspective of each relevant stakeholder and the stakeholders combined. For instance, various works address gender fairness: one line of research compares differences in recommendation quality across user gender groups, and another line focuses on the imbalanced representation of artist gender in the recommendations. In addition to gender, popularity bias is frequently addressed; yet, primarily from the user perspective and rarely addressing how it impacts the representation of artists. Overall, this narrative literature review shows that the large majority of works analyze the current situation of fairness in music recommender systems, whereas only a few works propose approaches to improve it. This is, thus, a promising direction for future rese",2022,Frontiers in Big Data,https://www.semanticscholar.org/paper/51b7e1994b7b97f13452841e26f0738661a27271,fairness_recommender
509d8f88492b29c945943aecb633c8fca4da09c8,The Significance of Enhancing Data Fairness in Educational Recommender Systems,"Students, teachers, and educational institutions can all benefit from improving data fairness in educational RS through a variety of helpful approaches. Because data is so vital, the goal of this work is to propose characteristics and strategies to increase fairness in pre-processing procedures. By highlighting the importance of specific variables that are influenced by data fairness approaches, our work aims to improve data fairness in educational Recommender Systems (RS). We highlight the impact that enhancing data fairness has on students’ performance in educational RS. Students’ motivation rises and their performance benefits when they obtain fair and balanced recommendations. Additionally, we aim to present novel strategies that support increasing and strengthening fairness in educational RS.",2023,International Conference on Networking in Education and Research,https://www.semanticscholar.org/paper/509d8f88492b29c945943aecb633c8fca4da09c8,fairness_recommender
8d26ff3f865fd7c506323835ea55c0a74d74c579,Uncertainty Quantification for Fairness in Two-Stage Recommender Systems,"Many large-scale recommender systems consist of two stages. The first stage efficiently screens the complete pool of items for a small subset of promising candidates, from which the second-stage model curates the final recommendations. In this paper, we investigate how to ensure group fairness to the items in this two-stage architecture. In particular, we find that existing first-stage recommenders might select an irrecoverably unfair set of candidates such that there is no hope for the second-stage recommender to deliver fair recommendations. To this end, motivated by recent advances in uncertainty quantification, we propose two threshold-policy selection rules that can provide distribution-free and finite-sample guarantees on fairness in first-stage recommenders. More concretely, given any relevance model of queries and items and a point-wise lower confidence bound on the expected number of relevant items for each threshold-policy, the two rules find near-optimal sets of candidates that contain enough relevant items in expectation from each group of items. To instantiate the rules, we demonstrate how to derive such confidence bounds from potentially partial and biased user feedback data, which are abundant in many large-scale recommender systems. In addition, we provide both finite-sample and asymptotic analyses of how close the two threshold selection rules are to the optimal thresholds. Beyond this theoretical analysis, we show empirically that these two rules can consist",2022,Web Search and Data Mining,https://www.semanticscholar.org/paper/8d26ff3f865fd7c506323835ea55c0a74d74c579,fairness_recommender
120c8155652168cce8637c83b7ac95c7551ee43e,Practical Compositional Fairness: Understanding Fairness in Multi-Component Recommender Systems,"How can we build recommender systems to take into account fairness? Real-world recommender systems are often composed of multiple models, built by multiple teams. However, most research on fairness focuses on improving fairness in a single model. Further, recent research on classification fairness has shown that combining multiple ""fair"" classifiers can still result in an ""unfair"" classification system. This presents a significant challenge: how do we understand and improve fairness in recommender systems composed of multiple components? In this paper, we study the compositionality of recommender fairness. We consider two recently proposed fairness ranking metrics: equality of exposure and pairwise ranking accuracy. While we show that fairness in recommendation is not guaranteed to compose, we provide theory for a set of conditions under which fairness of individual models does compose. We then present an analytical framework for both understanding whether a real system's signals can achieve compositional fairness, and improving which component would have the greatest impact on the fairness of the overall system. In addition to the theoretical results, we find on multiple datasets---including a large-scale real-world recommender system---that the overall system's end-to-end fairness is largely achievable by improving fairness in individual components.",2021,Web Search and Data Mining,https://www.semanticscholar.org/paper/120c8155652168cce8637c83b7ac95c7551ee43e,fairness_recommender
9fe19ad10c001fb41e41906eaf9424394ecbe74c,Integrating Individual and Group Fairness for Recommender Systems through Social Choice,"Fairness in recommender systems is a complex concept, involving multiple definitions, different parties for whom fairness is sought, and various scopes over which fairness might be measured. Researchers seeking fairness-aware systems have derived a variety of solutions, usually highly tailored to specific choices along each of these dimensions, and typically aimed at tackling a single fairness concern, i.e., a single definition for a specific stakeholder group and measurement scope. However, in practical contexts, there are a multiplicity of fairness concerns within a given recommendation application and solutions limited to a single dimension are therefore less useful. We explore a general solution to recommender system fairness using social choice methods to integrate multiple heterogeneous definitions. In this paper, we extend group-fairness results from prior research to provider-side individual fairness, demonstrating in multiple datasets that both individual and group fairness objectives can be integrated and optimized jointly. We identify both synergies and tensions among different objectives with individual fairness correlated with group fairness for some groups and anti-correlated with others.",2025,ACM Conference on Recommender Systems,https://www.semanticscholar.org/paper/9fe19ad10c001fb41e41906eaf9424394ecbe74c,fairness_recommender
8adc5b57cbda759acf3d7c24737579c7221ba626,Feature-blind fairness in collaborative filtering recommender systems,"Recommender systems were originally proposed for suggesting potentially relevant items to users, with the unique objective of providing accurate suggestions. These recommenders started being adopted in several domains, and were identified as generating biased results that could harm the data items being recommended. The exposure in generated rankings, for instance in a job candidate selection situation, is supposed to be fairly distributed among candidates, regardless of their sensitive attributes (gender, race, nationality, age) for promoting equal opportunities. It can happen, however, that no such sensitive information is available in the data applied for training the recommender, and in this case, there is still space for biases that can lead to unfair treatment, named Feature-Blind unfairness. In this work, we adopt Variational Autoencoders (VAE), considered as the state-of-the-art technique for Collaborative Filtering (CF) recommendations, and we present a framework for addressing fairness when having only access to information about user-item interactions. More specifically, we are interested in Position and Popularity Bias. VAE loss function combines two terms associated with accuracy and quality of representation; we introduce a new term for encouraging fairness, and demonstrate the effect of promoting fair results despite of a tolerable decrease in recommendation quality. In our best scenario, position bias is reduced by 42% despite a reduction of 26% in recall in t",2022,Knowledge and Information Systems,https://www.semanticscholar.org/paper/8adc5b57cbda759acf3d7c24737579c7221ba626,fairness_recommender
86c0128529a59ca815bfb0d27beb191760da31e7,"Understanding Biases in ChatGPT-based Recommender Systems: Provider Fairness, Temporal Stability, and Recency","This article explores the biases inherent in ChatGPT-based recommender systems, focusing on provider fairness (item-side fairness). Through extensive experiments and over a thousand API calls, we investigate the impact of prompt design strategies—including structure, system role, and intent—on evaluation metrics such as provider fairness, catalog coverage, temporal stability, and recency. The first experiment examines these strategies in classical top-K recommendations, while the second evaluates sequential in-context learning (ICL). In the first experiment, we assess seven distinct prompt scenarios on top-K recommendation accuracy and fairness. Accuracy-oriented prompts, like Simple and Chain-of-Thought (COT), outperform diversification prompts, which, despite enhancing temporal freshness, reduce accuracy by up to 50%. Embedding fairness into system roles, such as “act as a fair recommender,” proved more effective than fairness directives within prompts. We also found that diversification prompts led to recommending newer movies, offering broader genre distribution compared to traditional collaborative filtering (CF) models. The system showed high consistency across multiple runs. The second experiment explores sequential ICL, comparing zero-shot and few-shot learning scenarios. Results indicate that including user demographic information in prompts affects model biases and stereotypes. However, ICL did not consistently improve item fairness and catalog coverage over zero-sh",2024,Trans. Recomm. Syst.,https://www.semanticscholar.org/paper/86c0128529a59ca815bfb0d27beb191760da31e7,fairness_recommender
0e01911c1412097b56d599f74611dc6e46189dd1,The Winner Takes it All: Geographic Imbalance and Provider (Un)fairness in Educational Recommender Systems,"Educational recommender systems channel most of the research efforts on the effectiveness of the recommended items. While teachers have a central role in online platforms, the impact of recommender systems for teachers in terms of the exposure such systems give to the courses is an under-explored area. In this paper, we consider data coming from a real-world platform and analyze the distribution of the recommendations w.r.t. the geographical provenience of the teachers. We observe that data is highly imbalanced towards the United States, in terms of offered courses and of interactions. These imbalances are exacerbated by recommender systems, which overexpose the country w.r.t. its representation in the data, thus generating unfairness for teachers outside that country. To introduce equity, we propose an approach that regulates the share of recommendations given to the items produced in a country (visibility) and the position of the items in the recommended list (exposure).",2021,Annual International ACM SIGIR Conference on Research and Development in Information Retrieval,https://www.semanticscholar.org/paper/0e01911c1412097b56d599f74611dc6e46189dd1,fairness_recommender
0258118a336f85781b469070201603f099298bed,Perception of Fairness in Group Music Recommender Systems,"Fairness is an important aspect in group recommender systems (GRSs). They must ensure that potentially diverse preferences of all group members are taken into consideration when providing recommendations. Previous work has proposed a number of conflict elicitation and merging techniques to produce preferable recommendations for group members. However, we have yet to understand the influence of user personality on the perception of fairness in GRSs. To examine this gap, we use music recommendation as an example domain. We have developed a web-based group music recommender system using the Spotify API and two simple ranking algorithms: one based on the time the songs were voted by users (time-based) and the other based on a dissimilarity score (dissimilarity-based). A within-subjects experiment was conducted with 45 participants divided into groups of 3 (15 groups). Results showed that openness personality has a negative correlation with the perception that fairness is important in groups.",2021,International Conference on Intelligent User Interfaces,https://www.semanticscholar.org/paper/0258118a336f85781b469070201603f099298bed,fairness_recommender
05f2a606983aa9208db5605dc53b9d0a8cfcab92,Enabling cross-continent provider fairness in educational recommender systems,"Abstract With the widespread diffusion of Massive Online Open Courses (MOOCs), educational recommender systems have become central tools to support students in their learning process. While most of the literature has focused on students and the learning opportunities that are offered to them, the teachers behind the recommended courses get a certain exposure when they appear in the final ranking. Underexposed teachers might have reduced opportunities to offer their services, so accounting for this perspective is of central importance to generate equity in the recommendation process. In this paper, we consider groups of teachers based on their geographic provenience and assess provider (un)fairness based on the continent they belong to. We consider measures of visibility and exposure, to account ( i ) in how many recommendations and ( i i ) wherein the ranking of the teachers belonging to different groups appear. We observe disparities that favor the most represented groups, and we overcome these phenomena with a re-ranking approach that provides each group with the expected visibility and exposure, thus controlling fairness of providers coming from different continents (cross-continent provider fairness). Experiments performed on data coming from a real-world MOOC platform show that our approach can provide fairness without affecting recommendation effectiveness.",2021,Future generations computer systems,https://www.semanticscholar.org/paper/05f2a606983aa9208db5605dc53b9d0a8cfcab92,fairness_recommender
6fcca1aabbe792c74e77e0cb9d7da9d00f4e5367,Relevance-aware Individual Item Fairness Measures for Recommender Systems: Limitations and Usage Guidelines,"Recommender Systems (RSs) aim to provide relevant items to users, with a recent emphasis on improving recommendation fairness. Quantifying fairness of the recommended items can be done with two types of evaluation measures: measures that are purely based on item exposure (exposure-based) and measures that account for both item exposure and item relevance (relevance-aware). While exposure-based measures have been thoroughly analysed, relevance-aware measures have not been examined in such detail yet. We gather all existing relevance-aware individual item fairness measures for RSs and study their theoretical properties. We find that all measures suffer from one or more limitations, which may cause issues in their computation, interpretability, or expressiveness. To address this, we correct the affected measures or explain why a limitation is unresolvable. Further, we empirically investigate the extent of the limitations on the measures and compare the original measures to our reformulations under common and extreme evaluation scenarios across real-world and synthetic data. Our experiments show that our reformulated measures successfully resolve the issues in the original measures. We conclude by providing practical guidelines on how to select measures for a range of use cases.",2025,ACM Transactions on Recommender Systems,https://www.semanticscholar.org/paper/6fcca1aabbe792c74e77e0cb9d7da9d00f4e5367,fairness_recommender
af33ca622ff99a01be63abce5ebc950460942621,FACTER: Fairness-Aware Conformal Thresholding and Prompt Engineering for Enabling Fair LLM-Based Recommender Systems,"We propose FACTER, a fairness-aware framework for LLM-based recommendation systems that integrates conformal prediction with dynamic prompt engineering. By introducing an adaptive semantic variance threshold and a violation-triggered mechanism, FACTER automatically tightens fairness constraints whenever biased patterns emerge. We further develop an adversarial prompt generator that leverages historical violations to reduce repeated demographic biases without retraining the LLM. Empirical results on MovieLens and Amazon show that FACTER substantially reduces fairness violations (up to 95.5%) while maintaining strong recommendation accuracy, revealing semantic variance as a potent proxy of bias.",2025,International Conference on Machine Learning,https://www.semanticscholar.org/paper/af33ca622ff99a01be63abce5ebc950460942621,fairness_recommender
63a9d47f42d1d1e8bd8fb1183b88ca82297c37bb,A Survey on the Fairness of Recommender Systems,"Recommender systems are an essential tool to relieve the information overload challenge and play an important role in people’s daily lives. Since recommendations involve allocations of social resources (e.g., job recommendation), an important issue is whether recommendations are fair. Unfair recommendations are not only unethical but also harm the long-term interests of the recommender system itself. As a result, fairness issues in recommender systems have recently attracted increasing attention. However, due to multiple complex resource allocation processes and various fairness definitions, the research on fairness in recommendation is scattered. To fill this gap, we review over 60 papers published in top conferences/journals, including TOIS, SIGIR, and WWW. First, we summarize fairness definitions in the recommendation and provide several views to classify fairness issues. Then, we review recommendation datasets and measurements in fairness studies and provide an elaborate taxonomy of fairness methods in the recommendation. Finally, we conclude this survey by outlining some promising future directions.",2022,ACM Trans. Inf. Syst.,https://www.semanticscholar.org/paper/63a9d47f42d1d1e8bd8fb1183b88ca82297c37bb,fairness_recommender
47d819f79d44d9cb5145b92e438f7b2a773451e8,A Survey on Fairness-aware Recommender Systems,"As information filtering services, recommender systems have extremely enriched our daily life by providing personalized suggestions and facilitating people in decision-making, which makes them vital and indispensable to human society in the information era. However, as people become more dependent on them, recent studies show that recommender systems potentially own unintentional impacts on society and individuals because of their unfairness (e.g., gender discrimination in job recommendations). To develop trustworthy services, it is crucial to devise fairness-aware recommender systems that can mitigate these bias issues. In this survey, we summarise existing methodologies and practices of fairness in recommender systems. Firstly, we present concepts of fairness in different recommendation scenarios, comprehensively categorize current advances, and introduce typical methods to promote fairness in different stages of recommender systems. Next, after introducing datasets and evaluation metrics applied to assess the fairness of recommender systems, we will delve into the significant influence that fairness-aware recommender systems exert on real-world industrial applications. Subsequently, we highlight the connection between fairness and other principles of trustworthy recommender systems, aiming to consider trustworthiness principles holistically while advocating for fairness. Finally, we summarize this review, spotlighting promising opportunities in comprehending concepts, fram",2023,Information Fusion,https://www.semanticscholar.org/paper/47d819f79d44d9cb5145b92e438f7b2a773451e8,fairness_recommender
99ba75e5387499b8ac657af3ab10b2f5b89e5a1a,Leave No One Behind: Fairness-Aware Cross-Domain Recommender Systems for Non-Overlapping Users,"Cross-domain recommendation (CDR) methods predominantly leverage overlapping users to transfer knowledge from a source domain to a target domain. However, through empirical studies, we uncover a critical bias inherent in these approaches: while overlapping users experience significant enhancements in recommendation quality, non-overlapping users benefit minimally and even face performance degradation. This unfairness may erode user trust, and, consequently, negatively impact business engagement and revenue. To address this issue, we propose a novel solution that generates virtual source-domain users for non-overlapping target-domain users. Our method utilizes a dual attention mechanism to discern similarities between overlapping and non-overlapping users, thereby synthesizing realistic virtual user embeddings. We further introduce a limiter component that ensures the generated virtual users align with real-data distributions while preserving each user’s unique characteristics. Notably, our method is model-agnostic and can be seamlessly integrated into any CDR model. Comprehensive experiments conducted on three public datasets with five CDR baselines demonstrate that our method effectively mitigates the CDR non-overlapping user bias, without loss of overall accuracy. Our code is publicly available at https://github.com/WeixinChen98/VUG.",2025,ACM Conference on Recommender Systems,https://www.semanticscholar.org/paper/99ba75e5387499b8ac657af3ab10b2f5b89e5a1a,fairness_recommender
31d75c5adf7c0c49af004850acf1cad84a5ba76e,Beyond Trade-offs: Unveiling Fairness-Constrained Diversity in News Recommender Systems,"Recommender Systems have played an important role in our daily lives for many years. However, it is only recently that their social impact has raised ethical issues and has thus been considered in the design of such systems. Particularly, News Recommender Systems (NRS) have a critical influence on individuals. NRS can provide overspecialized recommendations and enclose users into filter bubbles. Besides, NRS can influence users and make their original opinions diverge. Worse, they can orient users’ opinions towards more radical views. The literature has worked on these issues by leveraging diversity and fairness in the recommendation algorithms, but generally only one of these dimensions at a time. We propose to consider both diversity and fairness simultaneously to provide recommendations that are fair, diverse, and obviously accurate. To this end, we propose a novel recommendation framework, Accuracy-Diversity-Fairness (ADF), which considers that fairness is not at the expense of diversity. Concretely, fairness is approached as a constraint on diversity. Experiments highlight that constraining diversity by fairness remarkably contributes to providing recommendations 5 times more diverse than models of the literature, without any loss in accuracy.",2024,"User Modeling, Adaptation, and Personalization",https://www.semanticscholar.org/paper/31d75c5adf7c0c49af004850acf1cad84a5ba76e,fairness_recommender
c3457be9a5342c504d477143d79557925ccdc114,Evaluation Measures of Individual Item Fairness for Recommender Systems: A Critical Study,"Fairness is an emerging and challenging topic in recommender systems. In recent years, various ways of evaluating and therefore improving fairness have emerged. In this study, we examine existing evaluation measures of fairness in recommender systems. Specifically, we focus solely on exposure-based fairness measures of individual items that aim at quantifying the disparity in how individual items are recommended to users, separate from item relevance to users. We gather all such measures and we critically analyse their theoretical properties. We identify a series of limitations in each of them, which collectively may render the affected measures hard or impossible to interpret, to compute, or to use for comparing recommendations. We resolve these limitations by redefining or correcting the affected measures, or we argue why certain limitations cannot be resolved. We further perform a comprehensive empirical analysis of both the original and our corrected versions of these fairness measures, using real-world and synthetic datasets. Our analysis provides novel insights into the relationship between measures based on different fairness concepts, and different levels of measure sensitivity and strictness. We conclude with practical suggestions of which fairness measures should be used and when. Our code is publicly available. To our knowledge, this is the first critical comparison of individual item fairness measures in recommender systems.",2023,Trans. Recomm. Syst.,https://www.semanticscholar.org/paper/c3457be9a5342c504d477143d79557925ccdc114,fairness_recommender
efe01762875666c2c646934904ef54b10ae49ba5,Counteracting Bias and Increasing Fairness in Search and Recommender Systems,"Search and recommender systems have unprecedented influence on how and what information people access. These gateways to information on the one hand create an easy and universal access to online information, and on the other hand create biases that have shown to cause knowledge disparity and ill-decisions for information seekers. Most of the algorithms for indexing, retrieval, ranking, and recommendation are heavily driven by the underlying data that itself is biased. In addition, ordering of the search and recommendation results create position bias and exposure bias due to their considerable focus on relevance and user satisfaction. These and other forms of biases that are implicitly and some times explicitly woven in search and recommender systems are becoming increasing threats to information seeking and sense-making processes. In this tutorial, we will introduce the issues of biases in search and recommendation and show how we could think about and create systems that are fairer, with increasing diversity and transparency. Specifically, the tutorial will present several fundamental concepts such as relevance, novelty, diversity, bias, and fairness using socio-technical terminologies taken from various communities, and dive deeper into metrics and frameworks that allow us to understand, extract, and materialize them. The tutorial will cover some of the most recent works in this area and show how this interdisciplinary research has opened up new challenges and opportunitie",2020,ACM Conference on Recommender Systems,https://www.semanticscholar.org/paper/efe01762875666c2c646934904ef54b10ae49ba5,fairness_recommender
d8a862bdb941550e9479bc84343446854ab8fe50,CPFair: Personalized Consumer and Producer Fairness Re-ranking for Recommender Systems,"Recently, there has been a rising awareness that when machine learning (ML) algorithms are used to automate choices, they may treat/affect individuals unfairly, with legal, ethical, or economic consequences. Recommender systems are prominent examples of such ML systems that assist users in making high-stakes judgments. A common trend in the previous literature research on fairness in recommender systems is that the majority of works treat user and item fairness concerns separately, ignoring the fact that recommender systems operate in a two-sided marketplace. In this work, we present an optimization-based re-ranking approach that seamlessly integrates fairness constraints from both the consumer and producer-side in a joint objective framework. We demonstrate through large-scale experiments on 8 datasets that our proposed method is capable of improving both consumer and producer fairness without reducing overall recommendation quality, demonstrating the role algorithms may play in minimizing data biases.",2022,Annual International ACM SIGIR Conference on Research and Development in Information Retrieval,https://www.semanticscholar.org/paper/d8a862bdb941550e9479bc84343446854ab8fe50,fairness_recommender
28e5ca24ab5178629a315bdba8f93ae94cd0322c,"Fairness in Algorithmic Decision-Making: Applications in Multi-Winner Voting, Machine Learning, and Recommender Systems","Algorithmic decision-making has become ubiquitous in our societal and economic lives. With more and more decisions being delegated to algorithms, we have also encountered increasing evidence of ethical issues with respect to biases and lack of fairness pertaining to algorithmic decision-making outcomes. Such outcomes may lead to detrimental consequences to minority groups in terms of gender, ethnicity, and race. As a response, recent research has shifted from design of algorithms that merely pursue purely optimal outcomes with respect to a fixed objective function into ones that also ensure additional fairness properties. In this study, we aim to provide a broad and accessible overview of the recent research endeavor aimed at introducing fairness into algorithms used in automated decision-making in three principle domains, namely, multi-winner voting, machine learning, and recommender systems. Even though these domains have developed separately from each other, they share commonality with respect to decision-making as an application, which requires evaluation of a given set of alternatives that needs to be ranked with respect to a clearly defined objective function. More specifically, these relate to tasks such as (1) collectively selecting a fixed number of winner (or potentially high valued) alternatives from a given initial set of alternatives; (2) clustering a given set of alternatives into disjoint groups based on various similarity measures; or (3) finding a consensus r",2019,Algorithms,https://www.semanticscholar.org/paper/28e5ca24ab5178629a315bdba8f93ae94cd0322c,fairness_recommender
c8b2cdf613912623a115d09abe66d0c6a71700b0,Fairness Testing for Recommender Systems,"The topic of fairness in recommender systems (RSs) is gaining significant attention. However, current fairness metrics and testing approaches primarily cater to classification systems and are not suitable for RSs. To bridge this gap, we aim to address the specific challenges involved in fairness testing for RSs. In this paper, we present a novel testing approach specifically designed for RSs, which enables us to achieve accurate results while maintaining high efficiency. Additionally, we suggest potential avenues for further research in the realm of fairness testing for RSs.",2023,International Symposium on Software Testing and Analysis,https://www.semanticscholar.org/paper/c8b2cdf613912623a115d09abe66d0c6a71700b0,fairness_recommender
9b578a4bb536d7b8bc30ea0f2b881a27a38ae5f4,Fairness and Sustainability in Multistakeholder Tourism Recommender Systems,"In the travel industry, Tourism Recommender Systems (TRS) are gaining popularity as they simplify trip planning for travelers by offering personalized recommendations for accommodations, activities, destinations, and more. Ensuring fairness in TRS involves considering the needs and viewpoints of different stakeholders, including consumers, item providers, the platform, and society. Although previous research has focused on fairness in TRS from a multistakeholder perspective, little attention has been given to generating sustainable recommendations. This doctoral thesis introduces the concept of Societal Fairness (S-Fairness) to consider the impact of tourism on non-participating stakeholders (society) such as residents, who may be affected by tourism issues such as increased housing prices, environmental pollution, and traffic congestion. The objective of this research is to contribute to the field of TRS by (1) modeling sustainability for societal fairness, (2) developing a fair multistakeholder TRS that balances sustainability concerns with other stakeholders while minimizing trade-offs, and (3) evaluating the approach through user studies and offline dataset evaluation to ensure user acceptance of recommendations.",2023,"User Modeling, Adaptation, and Personalization",https://www.semanticscholar.org/paper/9b578a4bb536d7b8bc30ea0f2b881a27a38ae5f4,fairness_recommender
